,Search Parameters,Year,Mo,Dy,Hr,Mn,Sec,Tsu,Vol,Location Name,Latitude,Longitude,Focal Depth (km),Mag,MMI Int,Deaths,Death Description,Missing,Missing Description,Injuries,Injuries Description,Damage ($Mil),Damage Description,Houses Destroyed,Houses Destroyed Description,Houses Damaged,Houses Damaged Description,Total Deaths,Total Death Description,Total Missing,Total Missing Description,Total Injuries,Total Injuries Description,Total Damage ($Mil),Total Damage Description,Total Houses Destroyed,Total Houses Destroyed Description,Total Houses Damaged,Total Houses Damaged Description,Country,Continent
0,"[""2015 <= Year >= 2020""]",,,,,,,,,,,,,,,,,,,,,,,,,,,,,,,,,,,,,,,NaN,Not found
1,,2015.0,1.0,14.0,5.0,22.0,23.0,,,CHINA:  SICHUAN PROVINCE:  LESHAN,29.353,103.199,10.0,5.3,6.0,,,,,11.0,1.0,,2.0,,,2000.0,4.0,,,,,11.0,1.0,,2.0,,,2000.0,4.0,CHINA,Asia
2,,2015.0,2.0,16.0,23.0,6.0,27.0,5580.0,,JAPAN:  HONSHU,39.856,142.881,23.0,6.7,4.0,,,,,,,,,,,,,,,,,,,,,,,,,JAPAN,Asia
3,,2015.0,2.0,19.0,13.0,19.0,21.0,5582.0,,VANUATU ISLANDS,-16.431,168.148,10.0,6.4,5.0,,,,,,,,1.0,,,,1.0,,,,,,,,1.0,,,,1.0,VANUATU ISLANDS,Oceania
4,,2015.0,2.0,20.0,22.0,37.0,28.0,,,CHINA:  YUNNAN PROVINCE,23.01,101.755,10.0,4.5,,,,,,,,,1.0,,,276.0,3.0,,,,,,,,1.0,,,276.0,3.0,CHINA,Asia
5,,2015.0,2.0,21.0,21.0,21.0,8.0,,,BALKANS NW:  BOSNIA-HERZEGOVINA:,44.534,18.934,7.0,3.6,,4.0,1.0,,,1.0,1.0,,,,,,,4.0,1.0,,,1.0,1.0,,,,,,,BOSNIA-HERZEGOVINA,Not found
6,,2015.0,2.0,22.0,6.0,43.0,14.0,,,CHINA:  XINJIANG PROVINCE:  SHAWAN,44.133,85.568,12.0,5.1,,,,,,,,14.65,3.0,,,1728.0,4.0,,,,,,,14.65,3.0,,,1728.0,4.0,CHINA,Asia
7,,2015.0,2.0,26.0,21.0,59.0,14.0,,,PAKISTAN:  BATTAGRAM,34.671,73.278,30.0,5.4,4.0,,,,,5.0,1.0,,1.0,,,2.0,1.0,,,,,5.0,1.0,,1.0,,,2.0,1.0,PAKISTAN,Asia
8,,2015.0,2.0,28.0,20.0,10.0,56.0,,,PERU:  AREQUIPA:  CAYLLOMA:  CABANACONDE,-15.693,-71.934,10.0,4.5,3.0,,,,,,,,2.0,64.0,2.0,500.0,3.0,,,,,,,,2.0,64.0,2.0,500.0,3.0,PERU,South America
9,,2015.0,3.0,1.0,10.0,24.0,5.0,,,"CHINA:   YUNNAN PROVINCE:  CANGYUAN, GENGMA",23.5,98.9,11.0,5.5,,,,,,39.0,1.0,15.0,3.0,220.0,3.0,15800.0,4.0,,,,,39.0,1.0,15.0,3.0,220.0,3.0,15800.0,4.0,CHINA,Asia
10,,2015.0,3.0,8.0,20.0,47.0,4.0,,,BALKANS NW: SERBIA:  KOSJERIC,44.088,19.861,20.0,4.4,4.0,,,,,,,,1.0,,,100.0,2.0,,,,,,,,1.0,,,100.0,2.0,SERBIA,Europe
11,,2015.0,3.0,10.0,20.0,55.0,2.0,,,"COLOMBIA:  ANTIOQUIA, SANTANDER",6.8,-73.01,184.0,6.2,5.0,,,,,,,,3.0,180.0,3.0,2167.0,4.0,,,,,,,,3.0,180.0,3.0,2167.0,4.0,COLOMBIA,South America
12,,2015.0,3.0,14.0,6.0,14.0,38.0,,,CHINA:  ANHUI PROVINCE:  FUYANG,33.15,115.8,10.0,4.6,,2.0,1.0,,,13.0,1.0,,2.0,155.0,3.0,11079.0,4.0,2.0,1.0,,,13.0,1.0,,2.0,155.0,3.0,11079.0,4.0,CHINA,Asia
13,,2015.0,3.0,29.0,23.0,48.0,1.0,5581.0,,PAPUA NEW GUINEA,-4.729,152.562,41.0,7.5,6.0,,,,,,,,,,,,,,,,,,,,,,,,,PAPUA NEW GUINEA,Oceania
14,,2015.0,4.0,20.0,1.0,42.0,38.0,,,TAIWAN:  TAIPEI,24.203,122.316,29.0,6.4,4.0,1.0,1.0,,,1.0,1.0,,1.0,,,19.0,1.0,1.0,1.0,,,1.0,1.0,,1.0,,,19.0,1.0,TAIWAN,Asia
15,,2015.0,4.0,25.0,6.0,12.0,35.0,,,NEPAL:   KATHMANDU; INDIA; CHINA; BANGLADESH,28.231,84.731,8.0,7.8,8.0,8957.0,4.0,3.0,1.0,24000.0,4.0,6000.0,4.0,498852.0,4.0,256697.0,4.0,8957.0,4.0,3.0,1.0,24000.0,4.0,6000.0,4.0,498852.0,4.0,256697.0,4.0,NEPAL,Asia
16,,2015.0,5.0,2.0,16.0,51.0,39.0,5584.0,7537.0,JAPAN:  HONSHU:  S. OF,31.529,140.213,10.0,5.7,,,,,,,,,,,,,,,,,,,,,,,,,,JAPAN,Asia
17,,2015.0,5.0,5.0,1.0,44.0,38.0,5583.0,,PAPUA NEW GUINEA,-5.462,151.875,55.0,7.5,,,,,,,,,1.0,,,,1.0,,,,,,,,1.0,,,,1.0,PAPUA NEW GUINEA,Oceania
18,,2015.0,5.0,12.0,7.0,6.0,13.0,,,NEPAL:   DOLAKHA,27.809,86.066,15.0,7.3,7.0,117.0,3.0,,,2800.0,4.0,,2.0,,2.0,,,117.0,3.0,,,2800.0,4.0,,2.0,,2.0,,,NEPAL,Asia
19,,2015.0,5.0,30.0,11.0,23.0,11.0,,,JAPAN:  BONIN ISLANDS [CHICHIJIMA ISLAND],27.839,140.493,664.0,7.8,6.0,,,,,12.0,1.0,,,,,,,,,,,12.0,1.0,,,,,,,JAPAN,Asia
20,,2015.0,6.0,4.0,23.0,16.0,31.0,,,"MALAYSIA:  SABAH:  LAHAD,DATU,KANAK",5.987,116.541,10.0,6.0,6.0,18.0,1.0,,,,2.0,,1.0,,,23.0,1.0,18.0,1.0,,,,2.0,,1.0,,,23.0,1.0,MALAYSIA,Asia
21,,2015.0,6.0,28.0,1.0,5.0,56.0,,,INDIA:  KOKRAJHAR,26.638,90.41,26.0,5.3,,,,,,2.0,1.0,,,,,,3.0,,,,,2.0,1.0,,1.0,,,,3.0,INDIA,Asia
22,,2015.0,7.0,3.0,1.0,7.0,1.0,,,CHINA:  S. XINJIANG:  HOTAN,37.6,78.2,10.0,6.4,,3.0,1.0,,,263.0,3.0,,3.0,3000.0,4.0,,,3.0,1.0,,,263.0,3.0,,3.0,3000.0,4.0,,,CHINA,Asia
23,,2015.0,7.0,3.0,6.0,43.0,54.0,,,PHILIPPINES:  MINDANAO,10.169,125.891,32.0,6.1,,1.0,1.0,,,,,,,,,,,1.0,1.0,,,,,,,,,,,PHILIPPINES,Asia
24,,2015.0,7.0,10.0,4.0,12.0,54.0,5589.0,,SOLOMON ISLANDS,-9.307,158.403,12.0,6.7,,,,,,,,,,,,,,,,,,,,,,,,,,SOLOMON ISLANDS,Oceania
25,,2015.0,7.0,18.0,2.0,28.0,22.0,5588.0,,SOLOMON ISLANDS,-10.401,165.141,11.0,7.0,8.0,,,,,,,,,,,,,,,,,,,,,,,,,SOLOMON ISLANDS,Oceania
26,,2015.0,7.0,24.0,20.0,59.0,12.0,,,PAKISTAN:  ABBOTTABAD,33.856,73.193,17.0,5.1,5.0,3.0,1.0,,,1.0,1.0,,1.0,3.0,1.0,,,3.0,1.0,,,1.0,1.0,,1.0,3.0,1.0,,,PAKISTAN,Asia
27,,2015.0,7.0,27.0,4.0,49.0,0.0,5591.0,,ALASKA,52.214,-169.399,23.0,6.9,,,,,,,,,,,,,,,,,,,,,,,,,,ALASKA,North America
28,,2015.0,7.0,27.0,21.0,42.0,11.0,,,INDONESIA:  PAPUA,-2.629,138.528,48.0,7.0,5.0,1.0,1.0,,,,,,1.0,1.0,1.0,6.0,1.0,1.0,1.0,,,,,,1.0,1.0,1.0,6.0,1.0,INDONESIA,Asia
29,,2015.0,7.0,29.0,0.0,11.0,6.0,,,COLOMBIA-PANAMA:  COLOMBIA:  UNGUIA,8.231,-77.315,12.0,5.9,3.0,,,,,6.0,1.0,,1.0,,,45.0,1.0,,,,,6.0,1.0,,1.0,,,45.0,1.0,COLOMBIA-PANAMA,Not found
30,,2015.0,8.0,7.0,1.0,25.0,54.0,,,RWANDA:  BUKAVU,-2.141,28.897,11.0,5.8,4.0,3.0,1.0,,,30.0,1.0,,,,,,,3.0,1.0,,,30.0,1.0,,,,,,,RWANDA,Africa
31,,2015.0,8.0,9.0,7.0,5.0,38.0,,,EL SALVADOR:  ALEGRIA,13.668,-88.478,10.0,4.5,4.0,,,,,4.0,1.0,,2.0,,,92.0,2.0,,,,,4.0,1.0,,2.0,,,92.0,2.0,EL SALVADOR,North America
32,,2015.0,9.0,16.0,22.0,55.0,26.0,5590.0,,CHILE:  CENTRAL,-31.573,-71.674,22.0,8.3,9.0,7.0,1.0,1.0,1.0,14.0,1.0,600.0,4.0,2305.0,4.0,10044.0,4.0,15.0,1.0,1.0,1.0,14.0,1.0,600.0,4.0,2305.0,4.0,10044.0,4.0,CHILE,South America
33,,2015.0,9.0,24.0,15.0,53.0,0.0,,,INDONESIA:  SORONG,-0.59,131.27,10.0,6.6,5.0,,,,,62.0,2.0,,2.0,,,260.0,3.0,,,,,62.0,2.0,,2.0,,,260.0,3.0,INDONESIA,Asia
34,,2015.0,10.0,17.0,11.0,33.0,0.0,,,ARGENTINA:  GALPON,-25.442,-64.632,33.0,5.8,7.0,2.0,1.0,,,30.0,1.0,,1.0,15.0,1.0,,,2.0,1.0,,,30.0,1.0,,1.0,15.0,1.0,,,ARGENTINA,South America
35,,2015.0,10.0,26.0,9.0,9.0,56.0,,,AFGHANISTAN: HINDU KUSH,36.524,70.368,231.0,7.5,7.0,399.0,3.0,,,1770.0,4.0,109.0,4.0,29230.0,4.0,79893.0,4.0,399.0,3.0,,,1770.0,4.0,109.0,4.0,29230.0,4.0,79893.0,4.0,AFGHANISTAN,Asia
36,,2015.0,11.0,4.0,3.0,44.0,19.0,,,INDONESIA:  EAST NUSA TENGGARA:  ALOR,-8.338,124.875,20.0,6.5,5.0,,,,,3.0,1.0,9.0,3.0,,,1468.0,4.0,,,,,3.0,1.0,9.0,3.0,,,1468.0,4.0,INDONESIA,Asia
37,,2015.0,11.0,7.0,6.0,58.0,30.0,,,VENEZUELA:  MERIDA,8.477,-71.365,14.0,5.3,,1.0,1.0,,,,,,1.0,33.0,1.0,83.0,2.0,1.0,1.0,,,,,,1.0,33.0,1.0,83.0,2.0,VENEZUELA,South America
38,,2015.0,11.0,11.0,1.0,54.0,37.0,5592.0,,CHILE:  LA SERENA,-29.439,-72.105,10.0,6.9,7.0,,,,,,,,,,,,,,,,,,,,,,,,,CHILE,South America
39,,2015.0,11.0,13.0,20.0,51.0,3.0,5593.0,,JAPAN:  KYUSYU ISLAND,31.001,128.873,12.0,6.7,4.0,,,,,,,,,,,,,,,,,,,,,,,,,JAPAN,Asia
40,,2015.0,11.0,17.0,7.0,10.0,3.0,5594.0,,"GREECE:  LEFKADA, KEFALONIA, ITHACA",38.67,20.6,11.0,6.5,,2.0,1.0,,,4.0,1.0,,2.0,1.0,1.0,,2.0,2.0,1.0,,,4.0,1.0,,2.0,1.0,1.0,,2.0,GREECE,Europe
41,,2015.0,11.0,17.0,17.0,29.0,29.0,,,KYRGYZSTAN: OSH,40.376,73.204,18.0,5.6,5.0,,,,,,,12.0,3.0,222.0,3.0,2237.0,4.0,,,,,,,12.0,3.0,222.0,3.0,2237.0,4.0,KYRGYZSTAN,Asia
42,,2015.0,11.0,18.0,18.0,31.0,57.0,5722.0,,SOLOMON ISLANDS,-8.899,158.422,13.0,6.8,4.0,,,,,,,,,,,,,,,,,,,,,,,,,SOLOMON ISLANDS,Oceania
43,,2015.0,11.0,22.0,20.0,38.0,5.0,,,VENEZUELA:  MERIDA,8.48,-71.42,5.0,5.1,4.0,1.0,1.0,,,3.0,1.0,,1.0,,,6.0,1.0,1.0,1.0,,,3.0,1.0,,1.0,,,6.0,1.0,VENEZUELA,South America
44,,2015.0,11.0,24.0,22.0,45.0,0.0,,,PERU-BRAZIL,-10.77,-71.41,636.0,7.6,4.0,,,,,,,,,,,,,,,,,,,,,,,,,PERU-BRAZIL,Not found
45,,2015.0,11.0,24.0,22.0,50.0,0.0,,,PERU-BRAZIL,-10.07,-70.98,606.0,7.6,4.0,,,,,,,,,,,,,,,,,,,,,,,,,PERU-BRAZIL,Not found
46,,2015.0,12.0,7.0,7.0,51.0,35.0,,,TAJIKISTAN,38.211,72.78,22.0,7.2,3.0,2.0,1.0,,,,3.0,5.0,2.0,500.0,3.0,793.0,3.0,2.0,1.0,,,,3.0,5.0,2.0,500.0,3.0,793.0,3.0,TAJIKISTAN,Asia
47,,2015.0,12.0,17.0,19.0,49.0,5.0,,,MEXICO:  COCOTITLAN,15.802,-93.633,85.0,6.6,5.0,2.0,1.0,,,,,,,,,,,2.0,1.0,,,,,,,,,,,MEXICO,North America
48,,2015.0,12.0,25.0,19.0,14.0,19.0,,,AFGHANISTAN; PAKISTAN,36.494,71.126,206.0,6.3,5.0,4.0,1.0,,,97.0,2.0,,1.0,,1.0,,1.0,4.0,1.0,,,97.0,2.0,,1.0,,1.0,,1.0,AFGHANISTAN,Asia
49,,2016.0,1.0,3.0,23.0,5.0,27.0,,,INDIA:  IMPAHL,24.804,93.651,55.0,6.7,7.0,13.0,1.0,,,100.0,2.0,75.0,4.0,,,,2.0,13.0,1.0,,,100.0,2.0,75.0,4.0,,,,2.0,INDIA,Asia
50,,2016.0,1.0,16.0,23.0,22.0,4.0,,,"INDONESIA: MALUKU:  BURU, AMBALAU ISLAND",-3.873,127.229,4.0,5.6,3.0,1.0,1.0,,,22.0,1.0,,1.0,,,230.0,3.0,1.0,1.0,,,22.0,1.0,,1.0,,,230.0,3.0,INDONESIA,Asia
51,,2016.0,1.0,24.0,10.0,30.0,56.0,,,ALASKA:  KENAI,59.658,-153.452,126.0,7.1,6.0,,,,,,,,1.0,4.0,1.0,,,,,,,,,,1.0,4.0,1.0,,,ALASKA,North America
52,,2016.0,1.0,25.0,4.0,23.0,13.0,5792.0,,MOROCCO:  MELILLA,35.649,-3.682,12.0,6.3,6.0,1.0,1.0,,,26.0,1.0,,1.0,,1.0,,1.0,1.0,1.0,,,26.0,1.0,,1.0,,1.0,,1.0,MOROCCO,Africa
53,,2016.0,2.0,5.0,19.0,57.0,6.0,,,TAIWAN:  TAINAN,22.97,120.46,10.0,6.4,7.0,117.0,3.0,,,525.0,3.0,700.0,4.0,,1.0,,1.0,117.0,3.0,,,525.0,3.0,700.0,4.0,,1.0,,1.0,TAIWAN,Asia
54,,2016.0,3.0,2.0,12.0,49.0,11.0,5598.0,,INDONESIA: SUMATRA:,-4.952,94.33,24.0,7.8,5.0,,,,,,,,,,,,,,,,,,,,,,,,,INDONESIA,Asia
55,,2016.0,4.0,10.0,10.0,29.0,12.0,,,AFGHANISTAN:  KHYBER PAKHTUNKHWA,36.473,71.131,212.0,6.6,5.0,6.0,1.0,,,5.0,1.0,,1.0,,,20.0,1.0,6.0,1.0,,,5.0,1.0,,1.0,,,20.0,1.0,AFGHANISTAN,Asia
56,,2016.0,4.0,13.0,13.0,55.0,8.0,,,INDIA: ASSAM; BANGLADESH,23.094,94.865,136.0,6.9,5.0,2.0,1.0,,,170.0,3.0,,2.0,,,4.0,1.0,2.0,1.0,,,170.0,3.0,,2.0,,,4.0,1.0,INDIA,Asia
57,,2016.0,4.0,15.0,16.0,25.0,22.0,,,"JAPAN:  KUMAMOTO, OITA",32.791,130.754,10.0,7.0,8.0,50.0,1.0,,,1500.0,4.0,20000.0,4.0,80000.0,4.0,,4.0,50.0,1.0,,,1500.0,4.0,20000.0,4.0,80000.0,4.0,,4.0,JAPAN,Asia
58,,2016.0,4.0,16.0,23.0,58.0,0.0,5599.0,,"ECUADOR:  NEAR WEST COAST: MANABI, ESMERALDAS",0.35,-80.16,17.0,7.8,8.0,663.0,3.0,9.0,1.0,6274.0,4.0,3300.0,4.0,6998.0,4.0,29672.0,4.0,663.0,3.0,9.0,1.0,6274.0,4.0,3300.0,4.0,6998.0,4.0,29672.0,4.0,ECUADOR,South America
59,,2016.0,4.0,28.0,19.0,33.0,7.0,5600.0,,VANUATU ISLANDS,-16.043,167.379,24.0,7.0,,,,,,,,,,,,,,,,,,,,,,,,,,VANUATU ISLANDS,Oceania
60,,2016.0,5.0,11.0,1.0,15.0,22.0,,,CHINA:  TIBET (XIZANG PROVINCE),32.022,95.027,8.0,5.2,,,,,,60.0,2.0,,1.0,,1.0,,,,,,,60.0,2.0,,1.0,,1.0,,,CHINA,Asia
61,,2016.0,5.0,17.0,17.0,5.0,5.0,,,CHINA: YUNNAN PROVINCE: SHIMEN,26.085,99.575,51.0,4.8,,2.0,1.0,,,,,60.0,4.0,,,,,2.0,1.0,,,,,60.0,4.0,,,,,CHINA,Asia
62,,2016.0,5.0,18.0,16.0,47.0,26.0,,,ECUADOR:  MANABI PROVINCE,0.495,-79.616,30.0,6.9,4.0,1.0,1.0,,,162.0,3.0,,1.0,,1.0,32.0,1.0,1.0,1.0,,,162.0,3.0,,1.0,,1.0,32.0,1.0,ECUADOR,South America
63,,2016.0,5.0,28.0,23.0,54.0,38.0,,,ALGERIA:  MEDEA:  MIHOUB,36.431,3.517,11.0,5.4,5.0,,,,,28.0,1.0,,2.0,,3.0,,1.0,,,,,28.0,1.0,,2.0,,3.0,,1.0,ALGERIA,Africa
64,,2016.0,6.0,1.0,22.0,56.0,8.0,,,INDONESIA:  SUMATRA:  PESISIR SELATAN,-2.097,100.665,50.0,6.6,5.0,1.0,1.0,,,30.0,1.0,,2.0,,,2663.0,4.0,1.0,1.0,,,30.0,1.0,,2.0,,,2663.0,4.0,INDONESIA,Asia
65,,2016.0,6.0,7.0,19.0,15.0,33.0,,,INDONESIA:  MALUKU:  TERNATE ISLAND,1.279,126.371,31.0,6.3,4.0,,,,,,,,1.0,,,,1.0,,,,,,,,1.0,,,,1.0,INDONESIA,Asia
66,,2016.0,7.0,1.0,14.0,59.0,15.0,,,TAJIKISTAN:  RASHT,38.881,70.559,10.0,5.0,,,,,,,,,1.0,31.0,1.0,,,,,,,,,,1.0,31.0,1.0,,,TAJIKISTAN,Asia
67,,2016.0,7.0,29.0,21.0,19.0,14.0,,,NORTHERN MARIANA ISLANDS,18.543,145.507,196.0,7.7,4.0,,,,,,,,,,,,,,,,,,,,,,,,,NORTHERN MARIANA ISLANDS,Oceania
68,,2016.0,7.0,31.0,9.0,18.0,17.0,,,CHINA:  GUANGXI PROVINCE,24.134,111.478,25.0,4.9,,,,,,,,,2.0,,,200.0,3.0,,,,,,,,2.0,,,200.0,3.0,CHINA,Asia
69,,2016.0,7.0,31.0,23.0,41.0,28.0,,,INDONESIA:  SUMBAWA ISLAND:  WEST NUSA TENGGARA,-8.194,117.814,21.0,5.6,6.0,,,,,4.0,1.0,,2.0,,,700.0,3.0,,,,,4.0,1.0,,2.0,,,700.0,3.0,INDONESIA,Asia
70,,2016.0,8.0,12.0,1.0,26.0,28.0,5604.0,,NEW CALEDONIA:  LOYALTY ISLANDS,-22.477,173.117,16.0,7.2,,,,,,,,,,,,,,,,,,,,,,,,,,NEW CALEDONIA,Oceania
71,,2016.0,8.0,15.0,2.0,58.0,0.0,,,PERU:  AREQUIPA,-15.64,-71.68,8.0,5.5,6.0,9.0,1.0,,,68.0,2.0,,2.0,605.0,3.0,671.0,3.0,9.0,1.0,,,68.0,2.0,,2.0,605.0,3.0,671.0,3.0,PERU,South America
72,,2016.0,8.0,19.0,7.0,33.0,11.0,5605.0,,SOUTH SANDWICH ISLANDS,-55.285,-31.877,10.0,7.4,,,,,,,,,,,,,,,,,,,,,,,,,,SOUTH SANDWICH ISLANDS,South America
73,,2016.0,8.0,20.0,9.0,1.0,26.0,5741.0,,JAPAN:  OFF EAST COAST HONSHU,40.394,143.68,10.0,6.0,2.0,,,,,,,,,,,,,,,,,,,,,,,,,JAPAN,Asia
74,,2016.0,8.0,24.0,1.0,36.0,2.0,,,"ITALY:  ACCUMOLI, ARQUATA, AMATRICE",42.704,13.238,4.0,6.2,9.0,299.0,3.0,15.0,1.0,368.0,3.0,5000.0,4.0,,3.0,,2.0,299.0,3.0,15.0,1.0,368.0,3.0,5000.0,4.0,,3.0,,2.0,ITALY,Europe
75,,2016.0,8.0,24.0,10.0,34.0,58.0,,,MYANMAR (BURMA): CHAUK,20.923,94.569,82.0,6.8,5.0,4.0,1.0,,,20.0,1.0,10.0,3.0,,,230.0,3.0,4.0,1.0,,,20.0,1.0,10.0,3.0,,,230.0,2.0,MYANMAR (BURMA),Not found
76,,2016.0,9.0,1.0,16.0,37.0,3.0,5606.0,,NEW ZEALAND:  GISBORNE,-37.359,179.146,19.0,7.0,5.0,,,,,,,,,,,,,,,,,,,,,,,,,NEW ZEALAND,Oceania
77,,2016.0,9.0,10.0,12.0,27.0,41.0,,,TANZANIA:  LAKE VICTORIA;  UGANDA: RAKAI,-1.036,31.618,40.0,5.9,,23.0,1.0,,,252.0,3.0,458.0,4.0,1172.0,4.0,6281.0,4.0,23.0,1.0,,,252.0,3.0,458.0,4.0,1172.0,4.0,6281.0,4.0,TANZANIA,Africa
78,,2016.0,9.0,11.0,13.0,10.0,7.0,,,BALKANS NW:  MACEDONIA,42.008,21.488,13.0,5.1,6.0,,,,,137.0,3.0,10.0,3.0,,,,1.0,,,,,137.0,3.0,10.0,3.0,,,,1.0,MACEDONIA,Europe
79,,2016.0,9.0,12.0,11.0,33.0,17.0,,,SOUTH KOREA:  GYEONGJU,35.781,129.216,13.0,5.4,6.0,1.0,1.0,,,14.0,1.0,21.0,3.0,,,106.0,3.0,1.0,1.0,,,14.0,1.0,21.0,3.0,,,106.0,3.0,SOUTH KOREA,Asia
80,,2016.0,9.0,23.0,16.0,12.0,1.0,,,RWANDA:  RISUZI; CONGO:  UKAVU,-2.65,29.06,10.0,4.8,,8.0,1.0,,,,1.0,,1.0,22.0,1.0,,,8.0,1.0,,,,1.0,,1.0,22.0,1.0,,,RWANDA,Africa
81,,2016.0,9.0,28.0,16.0,49.0,1.0,,,NICARAGUA:  LEON,12.442,-86.515,8.0,5.5,4.0,1.0,1.0,,,5.0,1.0,,2.0,6.0,1.0,487.0,3.0,1.0,1.0,,,5.0,1.0,,2.0,6.0,1.0,487.0,3.0,NICARAGUA,North America
82,,2016.0,10.0,1.0,8.0,4.0,33.0,,,"PAKISTAN:  MANSEHRA, NARAN",34.905,73.682,10.0,5.4,2.0,1.0,1.0,,,,2.0,,1.0,,2.0,,,1.0,1.0,,,,2.0,,1.0,,2.0,,,PAKISTAN,Asia
83,,2016.0,10.0,21.0,5.0,8.0,39.0,,,JAPAN:  KURAYOSHI,35.374,133.809,6.0,6.2,6.0,,,,,7.0,1.0,100.0,4.0,2.0,1.0,160.0,3.0,,,,,7.0,1.0,100.0,4.0,2.0,1.0,160.0,3.0,JAPAN,Asia
84,,2016.0,10.0,26.0,19.0,18.0,43.0,,,"ITALY:  VISSO, USSITA",42.956,13.067,10.0,6.1,7.0,1.0,1.0,,,,1.0,,4.0,,,1001.0,4.0,1.0,1.0,,,,1.0,,4.0,,,1001.0,4.0,ITALY,Europe
85,,2016.0,10.0,30.0,6.0,40.0,5.0,,,ITALY: NORCIA,42.84,13.11,9.0,6.6,7.0,2.0,1.0,,,20.0,1.0,200.0,4.0,,1.0,,4.0,2.0,1.0,,,20.0,1.0,200.0,4.0,,1.0,,4.0,ITALY,Europe
86,,2016.0,11.0,7.0,1.0,44.0,7.0,,,OKLAHOMA:  CUSHING,35.988,-96.805,3.0,5.0,6.0,,,,,,1.0,20.0,3.0,,,50.0,1.0,,,,,,1.0,20.0,3.0,,,50.0,1.0,OKLAHOMA,Not found
87,,2016.0,11.0,13.0,11.0,2.0,34.0,5613.0,,NEW ZEALAND:  AMBERLEY,-42.737,173.054,15.0,7.8,8.0,2.0,1.0,,,,,,2.0,,,,1.0,2.0,1.0,,,,,3900.0,4.0,1.0,1.0,,1.0,NEW ZEALAND,Oceania
88,,2016.0,11.0,21.0,20.0,59.0,27.0,5618.0,,JAPAN: NEAR E COAST HONSHU,37.393,141.387,9.0,6.9,7.0,,,,,15.0,1.0,,1.0,,,,,,,,,15.0,1.0,,1.0,,,,,JAPAN,Asia
89,,2016.0,11.0,24.0,18.0,43.0,0.0,5620.0,,NICARAGUA,11.96,-88.835,33.0,6.9,5.0,,,,,,,,,,,,,,,,,,,,,,,,,NICARAGUA,North America
90,,2016.0,11.0,25.0,14.0,25.0,11.0,,,CHINA:  XINJIANG PROVINCE:  KASHGAR,39.273,73.978,17.0,6.6,7.0,1.0,1.0,,,,,5.5,3.0,,2.0,,,1.0,1.0,,,,,5.5,3.0,,2.0,,,CHINA,Asia
91,,2016.0,11.0,27.0,23.0,35.0,2.0,,,"NEPAL:   MOUNT AMA DABLAM, CHARIKHARKA",27.802,86.532,10.0,5.4,4.0,1.0,1.0,,,1.0,1.0,,1.0,2.0,1.0,,,1.0,1.0,,,1.0,1.0,,1.0,2.0,1.0,,,NEPAL,Asia
92,,2016.0,11.0,29.0,20.0,9.0,35.0,,,POLAND:  RUDNA,51.613,16.157,5.0,4.2,,8.0,1.0,,,9.0,1.0,,1.0,,,,,8.0,1.0,,,9.0,1.0,,1.0,,,,,POLAND,Europe
93,,2016.0,12.0,1.0,0.0,25.0,38.0,,,"COSTA RICA:  PARAISO, TURRIALBA",9.949,-83.807,1.0,5.3,6.0,,,,,,,,2.0,,,60.0,2.0,,,,,,,,2.0,,,60.0,2.0,COSTA RICA,North America
94,,2016.0,12.0,1.0,22.0,40.0,0.0,,,"PERU:  PUNO, LAMPA",-15.44,-70.93,10.0,6.2,6.0,1.0,1.0,,,17.0,1.0,,1.0,8.0,1.0,40.0,1.0,1.0,1.0,,,17.0,1.0,,1.0,8.0,1.0,40.0,1.0,PERU,South America
95,,2016.0,12.0,6.0,22.0,3.0,39.0,,,INDONESIA:  SUMATRA:  ACEH:  PIDIE JAYA,5.283,96.168,13.0,6.5,8.0,104.0,3.0,,,857.0,3.0,100.0,4.0,245.0,3.0,18752.0,4.0,104.0,3.0,,,857.0,3.0,100.0,4.0,245.0,3.0,18752.0,4.0,INDONESIA,Asia
96,,2016.0,12.0,8.0,5.0,15.0,6.0,,,CHINA:  N. XINJIANG:  URUMQI,43.823,86.345,18.0,6.0,3.0,1.0,1.0,,,,,135.0,4.0,,,,,1.0,1.0,,,,,135.0,4.0,,,,,CHINA,Asia
97,,2016.0,12.0,8.0,17.0,38.0,28.0,5630.0,,SOLOMON ISLANDS,-10.681,161.327,40.0,7.8,8.0,1.0,1.0,,,,,,1.0,191.0,3.0,126.0,3.0,1.0,1.0,,,,,,1.0,191.0,3.0,126.0,3.0,SOLOMON ISLANDS,Oceania
98,,2016.0,12.0,9.0,19.0,11.0,24.0,5632.0,,SOLOMON ISLANDS,-10.749,161.132,20.0,6.9,7.0,,,,,,,,,,,,,,,,,,,,,,,,,SOLOMON ISLANDS,Oceania
99,,2016.0,12.0,17.0,10.0,51.0,5.0,5636.0,,PAPUA NEW GUINEA:  NEW BRITAIN NEW IRELAND,-4.505,153.522,95.0,7.9,7.0,,,,,,,,,,,,,,,,,,,,,,,,,PAPUA NEW GUINEA,Oceania
100,,2016.0,12.0,19.0,7.0,11.0,0.0,,,ECUADOR:  ESMERALDAS,0.93,-79.84,6.0,5.4,6.0,3.0,1.0,,,47.0,1.0,,2.0,10.0,1.0,70.0,2.0,3.0,1.0,,,47.0,1.0,,2.0,10.0,1.0,70.0,2.0,ECUADOR,South America
101,,2016.0,12.0,25.0,14.0,22.0,0.0,5637.0,,CHILE,-43.517,-74.391,30.0,7.6,7.0,,,,,,,,1.0,,,,,,,,,,,,1.0,,,,,CHILE,South America
102,,2017.0,1.0,3.0,9.0,9.0,8.0,,,INDIA:  AMBASA;  BANGLADESH,24.015,92.018,32.0,5.7,,3.0,1.0,,,,3.0,,3.0,1492.0,4.0,5200.0,4.0,3.0,1.0,,,,3.0,,3.0,1492.0,4.0,5200.0,4.0,INDIA,Asia
103,,2017.0,1.0,3.0,21.0,53.0,7.0,5639.0,,FIJI ISLANDS,-19.373,176.052,12.0,6.9,6.0,,,,,,,,,,,,,,,,,,,,,,,,,FIJI ISLANDS,Not found
104,,2017.0,1.0,6.0,2.0,33.0,21.0,,,IRAN:  KHONJ,28.2,53.107,10.0,5.0,,4.0,1.0,,,4.0,1.0,,1.0,,,,,4.0,1.0,,,4.0,1.0,,1.0,,,,,IRAN,Asia
105,,2017.0,1.0,11.0,22.0,7.0,7.0,,,MADAGASCAR: ANTSIRABE,-20.16,46.647,7.0,5.5,,2.0,1.0,,,,1.0,,1.0,,,,1.0,2.0,1.0,,,,1.0,,1.0,,,,1.0,MADAGASCAR,Africa
106,,2017.0,1.0,18.0,10.0,14.0,9.0,,,ITALY:  FARINDOLA,42.529,13.282,9.0,5.7,,34.0,1.0,,,11.0,1.0,18.0,3.0,,1.0,,,34.0,1.0,,,11.0,1.0,18.0,3.0,,1.0,,,ITALY,Europe
107,,2017.0,1.0,22.0,4.0,31.0,36.0,5642.0,,PAPUA NEW GUINEA:  BOUGAINVILLE ISLAND,-6.246,155.172,135.0,7.9,9.0,3.0,1.0,,,,,,1.0,,3.0,,,3.0,1.0,,,,,,1.0,,3.0,,,PAPUA NEW GUINEA,Oceania
108,,2017.0,2.0,6.0,3.0,52.0,4.0,,,TURKEY:  CANAKKALE,39.599,26.065,10.0,5.3,,,,,,5.0,1.0,,2.0,,,90.0,2.0,,,,,5.0,1.0,,2.0,,,90.0,2.0,TURKEY,Asia
109,,2017.0,2.0,6.0,13.0,2.0,14.0,,,COLOMBIA:  HUILA,3.449,-74.672,38.0,5.5,,,,,,,,,2.0,,,378.0,3.0,,,,,,,,2.0,,,378.0,3.0,COLOMBIA,South America
110,,2017.0,2.0,7.0,22.0,3.0,39.0,,,PAKISTAN:  PASNI,25.191,63.264,29.0,6.3,,,,,,,,,1.0,20.0,1.0,,1.0,,,,,,,,1.0,20.0,1.0,,1.0,PAKISTAN,Asia
111,,2017.0,2.0,10.0,14.0,4.0,32.0,,,PHILIPPINES: SURIGAO DEL NORTE,9.907,125.452,15.0,6.5,8.0,8.0,1.0,,,202.0,3.0,40.0,4.0,215.0,3.0,3042.0,4.0,8.0,1.0,,,202.0,3.0,40.0,4.0,215.0,3.0,3042.0,4.0,PHILIPPINES,Asia
112,,2017.0,2.0,24.0,0.0,32.0,8.0,,,ZAMBIA:  KAPUTA,-8.44,30.031,30.0,5.9,,,,,,5.0,1.0,,1.0,,1.0,,,,,,,5.0,1.0,,1.0,,1.0,,,ZAMBIA,Africa
113,,2017.0,3.0,5.0,0.0,8.0,1.0,,,PHILIPPINES: SURIGAO DEL NORTE,9.831,125.496,11.0,5.7,,1.0,1.0,,,45.0,1.0,,1.0,13.0,1.0,,,1.0,1.0,,,45.0,1.0,,1.0,13.0,1.0,,,PHILIPPINES,Asia
114,,2017.0,3.0,13.0,14.0,20.0,7.0,,,MYANMAR (BURMA):  THARRAWADDY,17.399,96.0,10.0,5.1,,2.0,1.0,,,36.0,1.0,,1.0,,1.0,,1.0,2.0,1.0,,,36.0,1.0,,1.0,,1.0,,1.0,MYANMAR (BURMA),Not found
115,,2017.0,3.0,21.0,23.0,10.0,15.0,,,INDONESIA:  BALI,-8.492,115.323,112.0,5.6,,,,,,4.0,1.0,,2.0,,1.0,,,,,,,4.0,1.0,,2.0,,1.0,,,INDONESIA,Asia
116,,2017.0,3.0,26.0,23.0,55.0,6.0,,,CHINA:   YUNNAN PROVINCE,25.938,99.841,28.0,5.0,2.0,,,,,1.0,1.0,31.0,4.0,,,,,,,,,1.0,1.0,31.0,4.0,,,,,CHINA,Asia
117,,2017.0,4.0,5.0,6.0,9.0,2.0,,,IRAN:  SEFID SANG,35.776,60.436,13.0,6.1,,2.0,1.0,,,11.0,1.0,,1.0,,,,1.0,2.0,1.0,,,11.0,1.0,,1.0,,,,1.0,IRAN,Asia
118,,2017.0,4.0,8.0,7.0,9.0,18.0,,,"PHILIPPINES: BATANGAS, CALABARZON",13.77,120.935,14.0,5.9,,,,,,6.0,1.0,2.0,2.0,506.0,3.0,2108.0,4.0,,,,,6.0,1.0,2.0,2.0,506.0,3.0,2108.0,4.0,PHILIPPINES,Asia
119,,2017.0,4.0,10.0,23.0,54.0,3.0,,,"EL SALVADOR: SAN SALVADOR,SOYAPANGO",13.766,-89.155,10.0,4.8,,1.0,1.0,,,3.0,1.0,,1.0,,,,2.0,1.0,1.0,,,3.0,1.0,,1.0,,,,2.0,EL SALVADOR,North America
120,,2017.0,4.0,24.0,21.0,39.0,22.0,5647.0,,CHILE:  VALPARAISO,-33.038,-72.062,28.0,6.9,9.0,,,,,,,,,,,,,,,,,,,,,,,,,CHILE,South America
121,,2017.0,4.0,28.0,20.0,23.0,26.0,5648.0,,PHILIPPINES: SARANGANI,5.504,125.066,26.0,6.9,9.0,,,,,5.0,1.0,,1.0,1.0,1.0,,1.0,,,,,7.0,1.0,,1.0,1.0,1.0,,1.0,PHILIPPINES,Asia
122,,2017.0,5.0,1.0,12.0,31.0,3.0,5649.0,,ALASKA:  SKAGWAY; CANADA:  BRITISH COLUMBIA,59.852,-136.677,1.0,6.2,,,,,,,,,,,,,,,,,,,,,,,,,,ALASKA,North America
123,,2017.0,5.0,3.0,4.0,47.0,38.0,,,"KYRGYZSTAN:  OSH, BATKEN",39.494,71.444,11.0,6.0,,,,,,,,,3.0,537.0,3.0,,,,,,,,,,3.0,537.0,3.0,,,KYRGYZSTAN,Asia
124,,2017.0,5.0,10.0,21.0,58.0,7.0,,,"CHINA: XINJIANG: QUZGUN, TAXKORGAN TAJIK",37.643,75.31,8.0,5.4,,8.0,1.0,,,23.0,1.0,123.0,4.0,3015.0,4.0,,,8.0,1.0,,,23.0,1.0,123.0,4.0,3015.0,4.0,,,CHINA,Asia
125,,2017.0,5.0,11.0,3.0,24.0,37.0,,,IRAN:  ARDABIL,39.816,48.57,63.0,5.1,,,,,,20.0,1.0,,2.0,,,85.0,2.0,,,,,20.0,1.0,,2.0,,,85.0,2.0,IRAN,Asia
126,,2017.0,5.0,13.0,18.0,0.0,52.0,,,IRAN: KHORASAN,37.769,57.206,8.0,5.6,,3.0,1.0,,,417.0,3.0,2.0,2.0,,1.0,,4.0,3.0,1.0,,,417.0,3.0,2.0,2.0,,1.0,,4.0,IRAN,Asia
127,,2017.0,5.0,25.0,9.0,55.0,51.0,,,TANZANIA: MWANZA,-3.043,32.888,10.0,4.4,,1.0,1.0,,,18.0,1.0,,,,,,,1.0,1.0,,,18.0,1.0,,,,,,,TANZANIA,Africa
128,,2017.0,5.0,28.0,11.0,4.0,37.0,,,"TURKEY: MANISA: SARUHANLI, GOLMARMARA",38.764,27.778,3.0,4.9,,,,,,,,,2.0,,,35.0,1.0,,,,,,,,2.0,,,35.0,1.0,TURKEY,Asia
129,,2017.0,5.0,29.0,14.0,35.0,51.0,,,INDONESIA:  SULAWESI:  POSO,-1.292,120.431,12.0,6.6,7.0,,,,,25.0,1.0,,2.0,5.0,1.0,348.0,3.0,,,,,25.0,1.0,,2.0,5.0,1.0,348.0,3.0,INDONESIA,Asia
130,,2017.0,6.0,12.0,12.0,28.0,15.0,5652.0,,GREECE: LESBOS,38.93,26.365,12.0,6.3,,1.0,1.0,,,15.0,1.0,,2.0,10.0,1.0,250.0,3.0,1.0,1.0,,,15.0,1.0,,2.0,10.0,1.0,250.0,3.0,GREECE,Europe
131,,2017.0,6.0,14.0,7.0,29.0,39.0,,,"GUATEMALA: QUETZALTENANGO, SUCHITEPEQUEZ; MEXICO",14.909,-92.009,93.0,6.9,8.0,5.0,1.0,,,30.0,1.0,,3.0,,1.0,,3.0,5.0,1.0,,,30.0,1.0,,3.0,,1.0,,3.0,GUATEMALA,North America
132,,2017.0,6.0,21.0,4.0,40.0,,,,NEPAL:  DHADING,27.64,85.17,,3.2,,1.0,1.0,,,1.0,1.0,,,,,,,1.0,1.0,,,1.0,1.0,,,,,,,NEPAL,Asia
133,,2017.0,6.0,22.0,12.0,31.0,49.0,,,"GUATEMALA: ESCUINTLA, SUCHITEPEQUEZ, GUATEMALA",13.717,-90.972,38.0,6.8,6.0,,,,,4.0,1.0,,2.0,,,53.0,2.0,,,,,4.0,1.0,,2.0,,,53.0,2.0,GUATEMALA,North America
134,,2017.0,6.0,24.0,2.0,37.0,48.0,,,MOZAMBIQUE,-19.45,34.488,27.0,5.6,,,,,,4.0,1.0,,1.0,2.0,1.0,2.0,1.0,,,,,4.0,1.0,,1.0,2.0,1.0,2.0,1.0,MOZAMBIQUE,Africa
135,,2017.0,7.0,6.0,8.0,3.0,55.0,,,PHILIPPINES: LEYTE,11.127,124.629,11.0,6.5,9.0,4.0,1.0,,,448.0,3.0,5.0,3.0,735.0,3.0,1029.0,4.0,4.0,1.0,,,448.0,3.0,5.0,3.0,735.0,3.0,1029.0,4.0,PHILIPPINES,Asia
136,,2017.0,7.0,17.0,23.0,35.0,14.0,5654.0,,RUSSIA: BERING ISLAND,54.443,168.857,10.0,7.7,8.0,,,,,,,,,,,,,,,,,,,,,,,,,RUSSIA,Europe
137,,2017.0,7.0,18.0,2.0,6.0,15.0,,,PERU:  AREQUIPA,-16.416,-73.636,44.0,6.4,,1.0,1.0,,,1.0,1.0,,,,,,,1.0,1.0,,,1.0,1.0,,,,,,,PERU,South America
138,,2017.0,7.0,20.0,22.0,31.0,26.0,5655.0,,"TURKEY: BODRUM, DATCA; GREECE: KOS",36.929,27.414,7.0,6.6,7.0,2.0,1.0,,,500.0,3.0,,2.0,,1.0,,1.0,2.0,1.0,,,500.0,3.0,,2.0,,1.0,,1.0,TURKEY,Asia
139,,2017.0,8.0,2.0,7.0,15.0,0.0,,,CHILE:  SANTIAGO,-33.201,-70.614,99.0,5.4,,1.0,1.0,,,,,,,,,,,1.0,1.0,,,,,,,,,,,CHILE,South America
140,,2017.0,8.0,8.0,13.0,19.0,54.0,,,CHINA:  SICHUAN PROVINCE:  ABA,33.193,103.855,9.0,6.5,5.0,29.0,1.0,,,525.0,3.0,500.0,4.0,100.0,2.0,72500.0,4.0,29.0,1.0,,,525.0,3.0,500.0,4.0,100.0,2.0,72500.0,4.0,CHINA,Asia
141,,2017.0,8.0,8.0,23.0,27.0,8.0,,,CHINA:  XINGJIANG: BORTALA,44.302,82.832,20.0,6.3,,,,,,32.0,1.0,,2.0,142.0,3.0,1060.0,4.0,,,,,32.0,1.0,,2.0,142.0,3.0,1060.0,4.0,CHINA,Asia
142,,2017.0,8.0,11.0,21.0,45.0,4.0,,,PERU: AREQUIPA,-16.299,-73.474,41.0,5.6,,1.0,1.0,,,,1.0,,,,,,,1.0,1.0,,,,1.0,,,,,,,PERU,South America
143,,2017.0,8.0,13.0,16.0,51.0,5.0,,,PERU:  JUNIN,-10.721,-74.566,32.0,5.8,,1.0,1.0,,,2.0,1.0,,1.0,,,,,1.0,1.0,,,2.0,1.0,,1.0,,,,,PERU,South America
144,,2017.0,8.0,21.0,18.0,57.0,11.0,,,ITALY:  ISCHIA ISLAND,40.783,13.939,3.0,4.2,,2.0,1.0,,,42.0,1.0,,2.0,,2.0,,2.0,2.0,1.0,,,42.0,1.0,,2.0,,2.0,,2.0,ITALY,Europe
145,,2017.0,8.0,22.0,22.0,27.0,3.0,,,PHILIPPINES: LEYTE: ORMOC,10.954,124.707,17.0,5.0,,2.0,1.0,,,,1.0,,2.0,,,56.0,2.0,2.0,1.0,,,,1.0,,2.0,,,56.0,2.0,PHILIPPINES,Asia
146,,2017.0,9.0,8.0,4.0,49.0,2.0,5658.0,,"MEXICO: OAXACA, CHIAPAS, TABASCO; GUATEMALA",14.761,-94.103,46.0,8.2,9.0,98.0,2.0,,,251.0,3.0,4000.0,4.0,47468.0,4.0,94027.0,4.0,98.0,2.0,,,251.0,3.0,4000.0,4.0,47468.0,4.0,94027.0,4.0,MEXICO,North America
147,,2017.0,9.0,19.0,18.0,14.0,7.0,,,"MEXICO: MEXICO CITY, MORELOS, PUEBLA",18.339,-98.68,39.0,7.1,9.0,369.0,3.0,,,6000.0,4.0,8000.0,4.0,226.0,3.0,184000.0,4.0,369.0,3.0,,,6000.0,4.0,8000.0,4.0,226.0,3.0,184000.0,4.0,MEXICO,North America
148,,2017.0,9.0,23.0,12.0,53.0,48.0,,,MEXICO:  OAXACA,16.626,-95.078,10.0,6.1,,5.0,1.0,,,7.0,1.0,,1.0,11.0,1.0,,,5.0,1.0,,,7.0,1.0,,1.0,11.0,1.0,,,MEXICO,North America
149,,2017.0,9.0,23.0,20.0,48.0,16.0,,,PHILIPPINES: MINDANAO: LANAO DEL SUR PROVINCE,7.562,124.743,8.0,5.7,,,,,,11.0,1.0,,2.0,55.0,2.0,1659.0,4.0,,,,,11.0,1.0,,2.0,55.0,2.0,1659.0,4.0,PHILIPPINES,Asia
150,,2017.0,10.0,31.0,0.0,43.0,12.0,5663.0,,NEW CALEDONIA:  LOYALTY ISLANDS,-21.697,169.149,24.0,6.7,3.0,,,,,,,,,,,,,,,,,,,,,,,,,NEW CALEDONIA,Oceania
151,,2017.0,10.0,31.0,11.0,50.0,37.0,,,INDONESIA:  MALUKU:  AMBON,-3.745,127.752,6.0,6.1,5.0,1.0,1.0,,,,,,1.0,,,14.0,1.0,1.0,1.0,,,,,,1.0,,,14.0,1.0,INDONESIA,Asia
152,,2017.0,11.0,1.0,2.0,24.0,7.0,5664.0,,NEW CALEDONIA:  LOYALTY ISLANDS,-21.648,168.859,22.0,6.6,3.0,,,,,,,,,,,,,,,,,,,,,,,,,NEW CALEDONIA,Oceania
153,,2017.0,11.0,12.0,18.0,18.0,18.0,,,IRAN: KERMANSHAH; IRAQ: KURDISTAN,34.911,45.959,19.0,7.3,8.0,630.0,3.0,,,12900.0,4.0,750.0,4.0,15500.0,4.0,14500.0,4.0,630.0,3.0,,,12900.0,4.0,750.0,4.0,15500.0,4.0,14500.0,4.0,IRAN,Asia
154,,2017.0,11.0,13.0,2.0,29.0,8.0,,,COSTA RICA: JACO,9.515,-84.487,19.0,6.5,8.0,2.0,1.0,,,,,,,,,,,2.0,1.0,,,,,,,,,,,COSTA RICA,North America
155,,2017.0,11.0,15.0,5.0,30.0,22.0,,,SOUTH KOREA: POHANG,36.074,129.27,10.0,5.5,8.0,,,,,90.0,2.0,75.8,4.0,,1.0,2165.0,4.0,,,,,90.0,2.0,75.8,4.0,,1.0,2165.0,4.0,SOUTH KOREA,Asia
156,,2017.0,11.0,17.0,22.0,34.0,45.0,,,CHINA:  TIBET (XIZANG PROVINCE): NYINGCHI,29.833,94.984,8.0,6.4,9.0,,,,,3.0,1.0,,3.0,,,3000.0,4.0,,,,,3.0,1.0,,3.0,,,3000.0,4.0,CHINA,Asia
157,,2017.0,11.0,18.0,16.0,7.0,3.0,,,INDONESIA: NORTH MALUKU: MOROTAI,2.465,128.148,8.0,5.8,,1.0,1.0,,,,,,2.0,,,294.0,3.0,1.0,1.0,,,,,,2.0,,,294.0,3.0,INDONESIA,Asia
158,,2017.0,11.0,19.0,9.0,26.0,13.0,5723.0,,NEW CALEDONIA:  LOYALTY ISLANDS,-21.638,168.673,14.0,6.3,5.0,,,,,,,,,,,,,,,,,,,,,,,,,NEW CALEDONIA,Oceania
159,,2017.0,11.0,19.0,15.0,10.0,28.0,5724.0,,NEW CALEDONIA:  LOYALTY ISLANDS,-21.503,168.598,13.0,6.6,4.0,,,,,,,,,,,,,,,,,,,,,,,,,NEW CALEDONIA,Oceania
160,,2017.0,11.0,19.0,22.0,43.0,25.0,5670.0,,NEW CALEDONIA:  LOYALTY ISLANDS,-21.325,168.672,10.0,7.0,4.0,,,,,,,,,,,,,,,,,,,,,,,,,NEW CALEDONIA,Oceania
161,,2017.0,11.0,23.0,9.0,43.0,7.0,,,CHINA: CHONGQING: WULONG,29.349,108.058,10.0,5.1,4.0,,,,,8.0,1.0,1.5,2.0,1.0,1.0,30.0,1.0,,,,,8.0,1.0,1.5,2.0,1.0,1.0,30.0,1.0,CHINA,Asia
162,,2017.0,12.0,1.0,2.0,32.0,4.0,,,IRAN:  KERMAN,30.746,57.307,9.0,6.1,5.0,,,,,51.0,2.0,,1.0,,2.0,,1.0,,,,,51.0,2.0,,1.0,,2.0,,1.0,IRAN,Asia
163,,2017.0,12.0,15.0,16.0,47.0,23.0,,,INDONESIA:  JAVA,-7.492,108.174,90.0,6.5,7.0,4.0,1.0,,,36.0,1.0,,2.0,,,4825.0,4.0,4.0,1.0,,,36.0,1.0,,2.0,,,4825.0,4.0,INDONESIA,Asia
164,,2017.0,12.0,20.0,19.0,57.0,7.0,,,IRAN:  ALBORZ,35.649,50.962,10.0,4.9,6.0,2.0,1.0,,,117.0,3.0,,,,,,,2.0,1.0,,,117.0,3.0,,,,,,,IRAN,Asia
165,,2017.0,12.0,26.0,21.0,24.0,59.0,,,"IRAN: ALBORZ, TEHRAN",35.716,51.256,10.0,4.0,4.0,1.0,1.0,,,57.0,2.0,,,,,,,1.0,1.0,,,57.0,2.0,,,,,,,IRAN,Asia
166,,2018.0,1.0,4.0,10.0,47.0,7.0,,,BALKANS NW:  MONTENEGRO: BERANE,42.66,19.862,10.0,5.1,4.0,,,,,,1.0,,2.0,,,,3.0,,,,,,1.0,,2.0,,,,3.0,MONTENEGRO,Europe
167,,2018.0,1.0,6.0,15.0,22.0,12.0,,,IRAN:  KERMANSHAH,34.585,45.77,10.0,5.0,7.0,,,,,51.0,2.0,,1.0,,2.0,,,,,,,51.0,2.0,,1.0,,2.0,,,IRAN,Asia
168,,2018.0,1.0,8.0,,,,,,THE NETHERLANDS: GRONINGEN,53.2,6.6,,3.4,,,,,,,,,2.0,,,,4.0,,,,,,,,2.0,,,,4.0,THE NETHERLANDS,Not found
169,,2018.0,1.0,10.0,2.0,51.0,29.0,5672.0,,HONDURAS,17.483,-83.52,19.0,7.5,8.0,,,,,,,,1.0,,,7.0,1.0,,,,,,,,1.0,,,7.0,1.0,HONDURAS,North America
170,,2018.0,1.0,11.0,6.0,59.0,47.0,,,IRAN: KERMANSHAH,33.713,45.724,10.0,5.5,5.0,,,,,13.0,1.0,,1.0,,,,2.0,,,,,13.0,1.0,,1.0,,,,2.0,IRAN,Asia
171,,2018.0,1.0,14.0,9.0,18.0,0.0,5675.0,,PERU: YAUCA,-15.982,-74.512,38.0,7.1,9.0,2.0,1.0,,,139.0,3.0,,3.0,259.0,3.0,1577.0,4.0,2.0,1.0,,,139.0,3.0,,3.0,259.0,3.0,1577.0,4.0,PERU,South America
172,,2018.0,1.0,23.0,6.0,35.0,38.0,,,INDONESIA:  JAVA:  BANTEN,-7.092,105.963,48.0,5.9,6.0,1.0,1.0,,,11.0,1.0,,2.0,,,2760.0,4.0,1.0,1.0,,,11.0,1.0,,2.0,,,2760.0,4.0,INDONESIA,Asia
173,,2018.0,1.0,23.0,9.0,32.0,29.0,5673.0,,ALASKA:  KODIAK ISLAND,56.004,-149.166,14.0,7.9,9.0,,,,,,,,1.0,,,,,,,,,,,,1.0,,,,,ALASKA,North America
174,,2018.0,1.0,31.0,7.0,7.0,29.0,,,AFGHANISTAN; PAKISTAN:  BALUCHISTAN,36.526,70.851,194.0,6.2,6.0,2.0,1.0,,,15.0,1.0,,,,,,,2.0,1.0,,,15.0,1.0,,,,,,,AFGHANISTAN,Asia
175,,2018.0,1.0,31.0,23.0,13.0,4.0,,,ECUADOR:  PASTAZA,-1.744,-77.672,21.0,5.2,4.0,1.0,1.0,,,,,,,,,,1.0,1.0,1.0,,,,,,,,,,1.0,ECUADOR,South America
176,,2018.0,2.0,6.0,15.0,50.0,32.0,,,TAIWAN:  HUALIEN,24.134,121.659,17.0,6.4,,17.0,1.0,,,291.0,3.0,,2.0,4.0,1.0,,1.0,17.0,1.0,,,291.0,3.0,,2.0,4.0,1.0,,1.0,TAIWAN,Asia
177,,2018.0,2.0,16.0,23.0,39.0,28.0,,,MEXICO:  OAXACA,16.386,-97.979,22.0,7.2,,14.0,1.0,,,19.0,1.0,,2.0,,,1000.0,3.0,14.0,1.0,,,19.0,1.0,,2.0,,,1000.0,3.0,MEXICO,North America
178,,2018.0,2.0,25.0,17.0,44.0,14.0,,,"PAPUA NEW GUINEA: S HIGHLANDS, HELA;  INDONESIA",-6.07,142.754,25.0,7.5,8.0,145.0,3.0,,,300.0,3.0,290.0,4.0,,4.0,,4.0,145.0,3.0,,,300.0,3.0,290.0,4.0,,4.0,,4.0,PAPUA NEW GUINEA,Oceania
179,,2018.0,2.0,28.0,2.0,45.0,43.0,,,PAPUA NEW GUINEA:  S HIGHLANDS,-6.17,142.468,16.0,6.1,,1.0,1.0,,,,,,,,,,,1.0,1.0,,,,,,,,,,,PAPUA NEW GUINEA,Oceania
180,,2018.0,3.0,4.0,19.0,57.0,29.0,,,PAPUA NEW GUINEA:  S HIGHLANDS,-6.331,142.599,10.0,6.0,,11.0,1.0,,,,,,,,,,,11.0,1.0,,,,,,,,,,,PAPUA NEW GUINEA,Oceania
181,,2018.0,3.0,4.0,23.0,18.0,21.0,,,"OKLAHOMA: BRECKENRIDGE, ENID",36.473,-97.722,5.0,4.2,,,,,,,,,2.0,,,,2.0,,,,,,,,2.0,,2.0,,,OKLAHOMA,Not found
182,,2018.0,3.0,6.0,14.0,14.0,5.0,,,"PAPUA NEW GUINEA:  S HIGHLANDS, HELA",-6.304,142.612,20.0,6.7,,25.0,1.0,,,,,,,1.0,1.0,,,25.0,1.0,,,,,,,1.0,1.0,,,PAPUA NEW GUINEA,Oceania
183,,2018.0,4.0,1.0,8.0,35.0,41.0,,,IRAN:  KERMANSHAH,34.403,45.748,10.0,5.0,,,,,,54.0,2.0,,,,,,,,,,,54.0,2.0,,,,,,,IRAN,Asia
184,,2018.0,4.0,3.0,9.0,41.0,35.0,,,VENEZUELA:  MERIDA,8.346,-71.719,10.0,4.9,,,,,,,,,2.0,,,28.0,1.0,,,,,,,,2.0,,,28.0,1.0,VENEZUELA,South America
185,,2018.0,4.0,7.0,5.0,48.0,1.0,,,PAPUA NEW GUINEA:  HELA,-5.838,142.531,18.0,6.3,,4.0,1.0,,,,,,1.0,,1.0,,1.0,4.0,1.0,,,,,,1.0,,1.0,,1.0,PAPUA NEW GUINEA,Oceania
186,,2018.0,4.0,8.0,16.0,32.0,52.0,,,JAPAN:  SHIMANE PREFECTURE,35.259,132.553,10.0,5.7,,,,,,8.0,1.0,,3.0,,,429.0,3.0,,,,,8.0,1.0,,3.0,,,429.0,3.0,JAPAN,Asia
187,,2018.0,4.0,10.0,3.0,12.0,29.0,,,ITALY:  MUCCIA,43.066,13.052,10.0,4.7,,,,,,,,,1.0,,,,1.0,,,,,,,,1.0,,,,1.0,ITALY,Europe
188,,2018.0,4.0,18.0,6.0,29.0,24.0,,,INDONESIA:  JAVA:  BANJARNEGARA,-7.248,109.654,10.0,4.5,2.0,3.0,1.0,,,21.0,1.0,,2.0,,,316.0,3.0,3.0,1.0,,,21.0,1.0,,2.0,,,316.0,3.0,INDONESIA,Asia
189,,2018.0,4.0,24.0,0.0,34.0,18.0,,,TURKEY:  ADIYAMAN,37.596,38.514,10.0,5.2,,,,,,39.0,1.0,,1.0,,,,1.0,,,,,39.0,1.0,,1.0,,,,1.0,TURKEY,Asia
190,,2018.0,5.0,2.0,4.0,8.0,4.0,,,IRAN:  KOHGILUYEH AND BOYER-AHMAD: SISAKHT,30.705,51.49,8.0,5.3,,,,,,133.0,3.0,,2.0,,,,1.0,,,,,133.0,3.0,,2.0,,,,1.0,IRAN,Asia
191,,2018.0,5.0,3.0,11.0,17.0,,,,SOUTH AFRICA:  WEST RAND,-26.4,27.5,,2.1,,7.0,1.0,,,6.0,1.0,,,,,,,7.0,1.0,,,6.0,1.0,,,,,,,SOUTH AFRICA,Africa
192,,2018.0,5.0,4.0,22.0,32.0,37.0,5678.0,6864.0,HAWAIIAN ISLANDS: PUNA DISTRICT,19.313,-154.998,2.0,6.9,,,,,,,,,1.0,,,,,,,,,1.0,1.0,370.0,4.0,716.0,3.0,,,HAWAIIAN ISLANDS,Not found
193,,2018.0,5.0,5.0,8.0,58.0,5.0,,,POLAND:  SILESIAN:  JASTRZEBIE-ZDROJ,50.124,18.683,1.0,4.1,,5.0,1.0,,,2.0,1.0,,1.0,,,,,5.0,1.0,,,2.0,1.0,,1.0,,,,,POLAND,Europe
194,,2018.0,5.0,6.0,6.0,3.0,33.0,5796.0,7541.0,JAPAN:  HONSHU:  S. OF,31.444,140.193,10.0,5.4,,,,,,,,,,,,,,,,,,,,,,,,,,JAPAN,Asia
195,,2018.0,5.0,6.0,19.0,2.0,36.0,,,"EL SALVADOR:  LA UNION, SAN MIGUEL",13.104,-88.062,10.0,5.4,,,,,,1.0,1.0,,2.0,11.0,1.0,298.0,3.0,,,,,1.0,1.0,,2.0,11.0,1.0,298.0,3.0,EL SALVADOR,North America
196,,2018.0,5.0,9.0,10.0,42.0,31.0,,,AFGHANISTAN: TAKHAR;  PAKISTAN,36.994,71.382,116.0,6.2,,,,,,13.0,1.0,,1.0,,1.0,45.0,1.0,,,,,13.0,1.0,,1.0,,1.0,45.0,1.0,AFGHANISTAN,Asia
197,,2018.0,5.0,15.0,15.0,49.0,34.0,,,COMOROS:  MAYOTTE,-12.776,45.581,17.0,5.9,,,,,,3.0,1.0,,1.0,,,,1.0,,,,,3.0,1.0,,1.0,,,,1.0,COMOROS,Africa
198,,2018.0,5.0,27.0,17.0,51.0,1.0,,,CHINA:  JILIN PROVINCE:  NINGJIANG,45.236,124.642,10.0,5.3,,,,,,,,,3.0,,,10000.0,4.0,,,,,,,,3.0,,,10000.0,4.0,CHINA,Asia
199,,2018.0,6.0,5.0,18.0,40.0,2.0,,,AZERBAIJAN: SHAKI-ZAQATALA,41.526,46.786,22.0,5.3,,1.0,1.0,,,31.0,1.0,,1.0,,,,2.0,1.0,1.0,,,31.0,1.0,,1.0,,,,2.0,AZERBAIJAN,Asia
200,,2018.0,6.0,12.0,9.0,35.0,48.0,,,COLOMBIA:  PASTO,1.067,-77.272,11.0,4.9,,2.0,1.0,,,7.0,1.0,,2.0,1.0,1.0,,3.0,2.0,1.0,,,7.0,1.0,,2.0,1.0,1.0,,3.0,COLOMBIA,South America
201,,2018.0,6.0,13.0,13.0,6.0,44.0,,,"INDONESIA:  MADURA ISLAND, JAVA",-7.001,113.888,10.0,4.6,,,,,,6.0,1.0,,2.0,,,77.0,2.0,,,,,6.0,1.0,,2.0,,,77.0,2.0,INDONESIA,Asia
202,,2018.0,6.0,17.0,22.0,59.0,17.0,,,JAPAN:  OSAKA,34.825,135.639,10.0,5.5,,5.0,1.0,,,417.0,3.0,7000.0,4.0,,,6766.0,4.0,5.0,1.0,,,417.0,3.0,7000.0,4.0,,,6766.0,4.0,JAPAN,Asia
203,,2018.0,7.0,21.0,7.0,58.0,0.0,,,INDONESIA: SUMATRA: SOLOK,-0.969,100.769,10.0,5.2,,1.0,1.0,,,2.0,1.0,,2.0,2.0,1.0,,3.0,1.0,1.0,,,2.0,2.0,,1.0,2.0,1.0,,3.0,INDONESIA,Asia
204,,2018.0,7.0,22.0,10.0,7.0,22.0,,,IRAN:  KERMANSHAH,34.591,46.166,12.0,5.8,,,,,,287.0,3.0,,2.0,,,951.0,3.0,,,,,287.0,3.0,,2.0,,,951.0,3.0,IRAN,Asia
205,,2018.0,7.0,28.0,22.0,48.0,14.0,5778.0,,INDONESIA:  LOMBOK ISLAND,-8.24,116.508,14.0,6.4,,17.0,1.0,,,355.0,3.0,,3.0,5448.0,4.0,,3.0,17.0,1.0,,,355.0,3.0,,3.0,5448.0,4.0,,3.0,INDONESIA,Asia
206,,2018.0,8.0,5.0,11.0,47.0,3.0,5685.0,,INDONESIA:  LOMBOK ISLAND,-8.258,116.438,34.0,6.9,,560.0,3.0,,,7733.0,4.0,509.0,4.0,,3.0,83392.0,4.0,560.0,3.0,,,7733.0,4.0,509.0,4.0,,3.0,83392.0,4.0,INDONESIA,Asia
207,,2018.0,8.0,9.0,5.0,25.0,38.0,,,INDONESIA:  LOMBOK ISLAND,-8.307,116.23,15.0,5.9,,6.0,1.0,,,24.0,1.0,,2.0,,,,3.0,6.0,1.0,,,24.0,1.0,,2.0,,,,3.0,INDONESIA,Asia
208,,2018.0,8.0,12.0,17.0,44.0,34.0,,,CHINA:   YUNNAN PROVINCE:  YUXI,24.298,102.91,10.0,5.0,,,,,,24.0,1.0,,2.0,,,8000.0,4.0,,,,,24.0,1.0,,2.0,,,8000.0,4.0,CHINA,Asia
209,,2018.0,8.0,19.0,0.0,20.0,7.0,5686.0,,FIJI ISLANDS,-18.113,-178.153,600.0,8.2,,,,,,,,,,,,,,,,,,,,,,,,,,FIJI ISLANDS,Not found
210,,2018.0,8.0,19.0,4.0,11.0,4.0,5816.0,,INDONESIA:  LOMBOK ISLAND,-8.337,116.599,16.0,6.3,,2.0,1.0,,,1.0,1.0,,2.0,,,1705.0,4.0,2.0,1.0,,,1.0,1.0,,2.0,,,1705.0,4.0,INDONESIA,Asia
211,,2018.0,8.0,19.0,14.0,56.0,49.0,,,INDONESIA:  LOMBOK ISLAND,-8.319,116.627,21.0,6.9,,11.0,1.0,,,,1.0,,2.0,,,1800.0,4.0,11.0,1.0,,,,1.0,,2.0,,,1800.0,4.0,INDONESIA,Asia
212,,2018.0,8.0,21.0,21.0,31.0,6.0,5687.0,,VENEZUELA:  SUCRE; TRINIDAD,10.773,-62.902,146.0,7.3,,5.0,1.0,,,,,,2.0,,,,3.0,5.0,1.0,,,,,,2.0,,,,3.0,VENEZUELA,South America
213,,2018.0,8.0,25.0,22.0,14.0,2.0,,,IRAN:  KERMANSHAH,34.611,46.242,10.0,6.0,,2.0,1.0,,,267.0,3.0,,3.0,,,2600.0,4.0,2.0,1.0,,,267.0,3.0,,3.0,,,2600.0,4.0,IRAN,Asia
214,,2018.0,8.0,29.0,3.0,51.0,1.0,5688.0,,NEW CALEDONIA:  LOYALTY ISLANDS,-22.03,170.126,21.0,7.1,,,,,,,,,,,,,,,,,,,,,,,,,,NEW CALEDONIA,Oceania
215,,2018.0,9.0,5.0,18.0,7.0,15.0,,,JAPAN:  HOKKAIDO,42.686,141.929,35.0,6.6,7.0,44.0,1.0,,,660.0,3.0,2000.0,4.0,,3.0,15000.0,4.0,44.0,1.0,,,660.0,3.0,2000.0,4.0,,3.0,15000.0,4.0,JAPAN,Asia
216,,2018.0,9.0,6.0,15.0,50.0,11.0,,,FIJI ISLANDS,-18.474,179.35,670.0,7.9,,,,,,,,,,,,,,,,,,,,,,,,,,FIJI ISLANDS,Not found
217,,2018.0,9.0,7.0,6.0,24.0,6.0,,,IRAN:  KERMAN,28.326,59.32,10.0,5.6,,1.0,1.0,,,2.0,1.0,,1.0,,,,1.0,1.0,1.0,,,2.0,1.0,,1.0,,,,1.0,IRAN,Asia
218,,2018.0,9.0,8.0,2.0,32.0,14.0,,,CHINA: YUNNAN PROVINCE:  MOJIANG HANI,23.332,101.578,8.0,5.7,,,,,,28.0,1.0,,3.0,,,29000.0,4.0,,,,,28.0,1.0,,3.0,,,29000.0,4.0,CHINA,Asia
219,,2018.0,9.0,12.0,4.0,50.0,57.0,,,INDIA:  WEST BENGAL,26.371,90.161,10.0,5.3,,1.0,1.0,,,,,,,,,,,1.0,1.0,,,,,,,,,,,INDIA,Asia
220,,2018.0,9.0,28.0,7.0,0.0,14.0,,,INDONESIA:  SULAWESI,-0.401,119.771,4.0,6.1,,1.0,1.0,,,10.0,1.0,,1.0,,1.0,,1.0,1.0,1.0,,,10.0,1.0,,1.0,,1.0,,1.0,INDONESIA,Asia
221,,2018.0,9.0,28.0,10.0,2.0,25.0,5689.0,,INDONESIA:  SULAWESI,-0.256,119.846,20.0,7.5,8.0,4340.0,4.0,667.0,3.0,10679.0,4.0,1500.0,4.0,3673.0,4.0,39191.0,4.0,4340.0,4.0,667.0,3.0,10679.0,4.0,1500.0,4.0,3673.0,4.0,39191.0,4.0,INDONESIA,Asia
222,,2018.0,10.0,7.0,0.0,11.0,22.0,,,HAITI: PORT-DEX-PAIX,20.034,-73.013,24.0,5.9,,18.0,1.0,,,580.0,3.0,,3.0,2102.0,4.0,15932.0,4.0,18.0,1.0,,,580.0,3.0,,3.0,2102.0,4.0,15932.0,4.0,HAITI,North America
223,,2018.0,10.0,10.0,18.0,44.0,28.0,,,"INDONESIA:  MADURA ISLAND, JAVA",-7.453,114.455,9.0,6.0,5.0,4.0,1.0,,,36.0,1.0,,1.0,,,433.0,3.0,4.0,1.0,,,36.0,1.0,,1.0,,,433.0,3.0,INDONESIA,Asia
224,,2018.0,10.0,16.0,1.0,3.0,58.0,5725.0,,NEW CALEDONIA:  LOYALTY ISLANDS,-21.743,169.522,17.0,6.5,,,,,,,,,,,,,,,,,,,,,,,,,,NEW CALEDONIA,Oceania
225,,2018.0,10.0,25.0,22.0,55.0,3.0,5690.0,,"GREECE:  IONIAN SEA:  ZAKYNTHOS, STROFADES",37.52,20.557,14.0,6.8,,,,,,3.0,1.0,,2.0,,,120.0,3.0,,,,,3.0,1.0,,2.0,,,120.0,3.0,GREECE,Europe
226,,2018.0,11.0,14.0,23.0,2.0,24.0,,,INDONESIA:  SULAWESI:  MAMASA,-2.907,119.392,14.0,5.5,,7.0,1.0,,,,,,2.0,8.0,1.0,,3.0,7.0,1.0,,,,,,2.0,8.0,1.0,,3.0,INDONESIA,Asia
227,,2018.0,11.0,25.0,16.0,38.0,23.0,,,IRAN: KERMANSHAH; IRAQ: KURDISTAN,34.361,45.744,18.0,6.3,,1.0,1.0,,,759.0,3.0,,1.0,,,,1.0,1.0,1.0,,,759.0,3.0,,1.0,,,,1.0,IRAN,Asia
228,,2018.0,11.0,28.0,14.0,44.0,39.0,,,AFGHANISTAN:  HINDU KUSH:  BAGHLAN,35.808,68.687,22.0,4.9,,,,,,9.0,1.0,,1.0,,,60.0,2.0,,,,,9.0,1.0,,1.0,,,60.0,2.0,AFGHANISTAN,Asia
229,,2018.0,11.0,30.0,17.0,29.0,16.0,,,ALASKA:  ANCHORAGE,61.316,-149.925,54.0,7.0,,,,,,117.0,3.0,150.0,4.0,2.0,1.0,1650.0,4.0,,,,,117.0,3.0,150.0,4.0,2.0,1.0,1650.0,4.0,ALASKA,North America
230,,2018.0,12.0,5.0,4.0,18.0,42.0,5698.0,,NEW CALEDONIA:  LOYALTY ISLANDS,-21.95,169.427,10.0,7.5,,,,,,,,,,,,,,,,,,,,,1.0,,,,1.0,NEW CALEDONIA,Oceania
231,,2018.0,12.0,15.0,20.0,22.0,23.0,,7244.0,VANUATU ISLANDS: AMBRYM ISLAND,-16.416,168.22,11.0,5.4,,,,,,,,,2.0,,,,1.0,,,,,,,,2.0,,,,1.0,VANUATU ISLANDS,Oceania
232,,2018.0,12.0,16.0,4.0,47.0,26.0,,,CHINA:  SICHUAN:  YIBIN,28.295,105.013,18.0,5.3,,,,,,17.0,1.0,7.255,3.0,15.0,1.0,6145.0,4.0,,,,,17.0,1.0,7.255,3.0,15.0,1.0,6145.0,4.0,CHINA,Asia
233,,2018.0,12.0,22.0,5.0,38.0,27.0,,,MOZAMBIQUE; ZIMBABWE,-20.643,32.803,16.0,5.6,,,,,,10.0,1.0,,2.0,600.0,3.0,,1.0,,,,,10.0,1.0,,2.0,600.0,3.0,,1.0,MOZAMBIQUE,Africa
234,,2018.0,12.0,26.0,2.0,19.0,0.0,,7284.0,ITALY:  SICILY:  CATANIA,37.63,15.1,1.0,5.0,,,,,,28.0,1.0,115.0,4.0,15.0,1.0,,1.0,,,,,28.0,1.0,115.0,4.0,15.0,1.0,,1.0,ITALY,Europe
235,,2019.0,1.0,3.0,0.0,48.0,37.0,,,CHINA:  SICHUAN:  YIBIN,28.19,104.918,10.0,4.8,,,,,,774.0,3.0,,2.0,,,691.0,3.0,,,,,774.0,3.0,,2.0,,,691.0,3.0,CHINA,Asia
236,,2019.0,1.0,6.0,13.0,41.0,6.0,,,IRAN:  KERMANSHAH: SARPOL-E ZAHAB,34.125,45.679,14.0,5.6,,,,,,75.0,2.0,,1.0,,,,1.0,,,,,75.0,2.0,,1.0,,,,1.0,IRAN,Asia
237,,2019.0,1.0,12.0,8.0,59.0,4.0,,,POLAND:  RUDNA,51.547,16.111,1.0,3.7,,1.0,1.0,,,6.0,1.0,,2.0,,,,,1.0,1.0,,,6.0,1.0,,2.0,,,,,POLAND,Europe
238,,2019.0,1.0,20.0,1.0,32.0,48.0,,,"CHILE:  COQUIMBO, LA SERENA",-30.04,-71.382,63.0,6.7,,2.0,1.0,,,,,,2.0,,,1061.0,4.0,2.0,1.0,,,,,,2.0,,,1061.0,4.0,CHILE,South America
239,,2019.0,1.0,22.0,22.0,35.0,8.0,,,POLAND:  RYDULTOWY,50.11,18.456,5.0,3.9,,1.0,1.0,,,8.0,1.0,,,,,,,1.0,1.0,,,8.0,1.0,,,,,,,POLAND,Europe
240,,2019.0,1.0,26.0,12.0,33.0,23.0,,,"COLOMBIA:  CAUCA, HUILA",3.035,-75.738,10.0,5.6,,1.0,1.0,,,,,,1.0,,,,2.0,1.0,1.0,,,,,,1.0,,,,2.0,COLOMBIA,South America
241,,2019.0,2.0,1.0,10.0,23.0,54.0,,,INDIA:  MAHARASHTRA:  PALGHAR,19.9,72.8,5.0,3.6,,1.0,1.0,,,,,,1.0,,,,,1.0,1.0,,,,,,1.0,,,,,INDIA,Asia
242,,2019.0,2.0,1.0,16.0,19.0,29.0,,,MEXICO:  CHIAPAS; GUATEMALA:  SAN MARCOS,14.68,-92.453,66.0,6.7,,,,,,4.0,1.0,,2.0,,,,3.0,,,,,4.0,1.0,,2.0,,,,3.0,MEXICO,North America
243,,2019.0,2.0,5.0,19.0,35.0,21.0,,,AZERBAIJAN:  SHEMAKHA (SEMACHA),40.896,48.607,10.0,5.0,,,,,,30.0,1.0,,2.0,,,3000.0,4.0,,,,,30.0,1.0,,2.0,,,3000.0,4.0,AZERBAIJAN,Asia
244,,2019.0,2.0,22.0,10.0,18.0,17.0,,,"ECUADOR: AZUAY, MANABI, MORONA SANT.; PERU",-2.186,-77.051,145.0,7.5,,1.0,1.0,,,9.0,1.0,,2.0,5.0,1.0,75.0,1.0,1.0,1.0,,,9.0,1.0,,2.0,5.0,1.0,75.0,1.0,ECUADOR,South America
245,,2019.0,2.0,25.0,5.0,16.0,25.0,,,CHINA:  SICHUAN PROVINCE: RONGXIAN,29.47,104.609,10.0,4.9,,2.0,1.0,,,12.0,1.0,2.0,2.0,9.0,1.0,10911.0,4.0,2.0,1.0,,,12.0,1.0,2.0,2.0,9.0,1.0,10911.0,4.0,CHINA,Asia
246,,2019.0,2.0,27.0,23.0,27.0,24.0,,,INDONESIA: SUMATRA: SOLOK,-1.323,101.578,10.0,5.4,,,,,,48.0,1.0,,2.0,,,343.0,3.0,,,,,48.0,1.0,,2.0,,,343.0,3.0,INDONESIA,Asia
247,,2019.0,3.0,1.0,8.0,50.0,42.0,,,PERU:  AREQUIPA,-14.713,-70.155,267.0,7.0,,1.0,1.0,,,2.0,1.0,,1.0,1.0,1.0,17.0,1.0,1.0,1.0,,,2.0,1.0,,1.0,1.0,1.0,17.0,1.0,PERU,South America
248,,2019.0,3.0,17.0,7.0,7.0,25.0,,,INDONESIA:  LOMBOK ISLAND,-8.418,116.521,10.0,5.6,,6.0,1.0,,,182.0,3.0,,2.0,843.0,3.0,3613.0,4.0,6.0,1.0,,,182.0,3.0,,2.0,843.0,3.0,3613.0,4.0,INDONESIA,Asia
249,,2019.0,3.0,21.0,9.0,15.0,40.0,,,"TANZANIA:  SONGWE, MBEYA",-7.914,32.109,22.0,5.5,,1.0,1.0,,,,,,1.0,4.0,1.0,,1.0,1.0,1.0,,,,,,1.0,4.0,1.0,,1.0,TANZANIA,Africa
250,,2019.0,4.0,12.0,11.0,40.0,49.0,,,INDONESIA:  SULAWESI ISLAND: LUWUK,-1.852,122.553,18.0,6.8,,1.0,1.0,,,,,,,,,,,1.0,1.0,,,,,,,,,,,INDONESIA,Asia
251,,2019.0,4.0,18.0,5.0,1.0,6.0,,,TAIWAN:  HUALIEN,23.989,121.693,20.0,6.1,,1.0,1.0,,,16.0,1.0,,1.0,,,,,1.0,1.0,,,16.0,1.0,,1.0,,,,,TAIWAN,Asia
252,,2019.0,4.0,22.0,9.0,11.0,11.0,,,PHILIPPINES:  PAMPANGA PROVINCE,14.924,120.497,20.0,6.1,,18.0,1.0,3.0,1.0,183.0,3.0,50.0,4.0,1046.0,4.0,3329.0,4.0,18.0,1.0,3.0,1.0,183.0,3.0,50.0,4.0,1046.0,4.0,3329.0,4.0,PHILIPPINES,Asia
253,,2019.0,5.0,6.0,21.0,19.0,35.0,,,PAPUA NEW GUINEA:  MOROBE: WAMPAR,-6.977,146.44,127.0,7.2,,,,,,,,,2.0,130.0,3.0,,,,,,,,,,2.0,130.0,3.0,,,PAPUA NEW GUINEA,Oceania
254,,2019.0,5.0,14.0,12.0,58.0,25.0,5705.0,,"PAPUA NEW GUINEA:  RABAUL, DUKE OF YORK IS",-4.051,152.597,10.0,7.6,,,,,,,1.0,,1.0,,1.0,,1.0,,,,,,1.0,,1.0,,1.0,,1.0,PAPUA NEW GUINEA,Oceania
255,,2019.0,5.0,17.0,22.0,24.0,52.0,,,CHINA:  JILIN PROVINCE:  SONGYUAN,45.205,124.611,17.0,4.8,,,,,,,,,1.0,,,167.0,3.0,,,,,,,,1.0,,,167.0,3.0,CHINA,Asia
256,,2019.0,5.0,22.0,3.0,48.0,59.0,,,THE NETHERLANDS: GRONINGEN,53.394,6.586,10.0,3.2,,,,,,,,,2.0,,,840.0,3.0,,,,,,,,2.0,,,840.0,3.0,THE NETHERLANDS,Not found
257,,2019.0,5.0,26.0,7.0,41.0,14.0,,,"PERU:  LA LIBERTAD, CAJAMARCA; ECUADOR",-5.796,-75.298,110.0,8.0,,2.0,1.0,,,30.0,1.0,,2.0,,3.0,,3.0,2.0,1.0,,,30.0,1.0,,2.0,,3.0,,3.0,PERU,South America
258,,2019.0,5.0,30.0,9.0,3.0,32.0,,,EL SALVADOR:  SAN SALVADOR,13.199,-89.306,58.0,6.6,,1.0,1.0,,,1.0,1.0,,1.0,,,2.0,1.0,1.0,1.0,,,1.0,1.0,,1.0,,,2.0,1.0,EL SALVADOR,North America
259,,2019.0,6.0,1.0,4.0,26.0,19.0,,,ALBANIA:  KORCE,40.501,20.722,10.0,5.2,,,,,,4.0,1.0,,2.0,,,100.0,2.0,,,,,4.0,1.0,,2.0,,,100.0,2.0,ALBANIA,Europe
260,,2019.0,6.0,14.0,0.0,19.0,12.0,5710.0,,CHILE:  COQUIMBO,-30.056,-72.082,11.0,6.4,,,,,,,,,,,,,,,,,,,,,,,,,,CHILE,South America
261,,2019.0,6.0,15.0,22.0,55.0,2.0,5711.0,,"KERMADEC ISLANDS:  S OF, RAOUL",-30.805,-178.095,34.0,7.2,,,,,,,,,,,,,,,,,,,,,,,,,,KERMADEC ISLANDS,Not found
262,,2019.0,6.0,17.0,14.0,55.0,45.0,,,CHINA:  SICHUAN:  YIBIN,28.405,104.957,10.0,5.8,,13.0,1.0,,,200.0,3.0,1300.0,4.0,,,12700.0,4.0,13.0,1.0,,,200.0,3.0,1300.0,4.0,,,12700.0,4.0,CHINA,Asia
263,,2019.0,6.0,18.0,13.0,22.0,19.0,5712.0,,JAPAN:  NIIGATA PREFECTURE,38.646,139.472,12.0,6.4,,,,,,28.0,1.0,,2.0,,,144.0,3.0,,,,,28.0,1.0,,2.0,,,144.0,3.0,JAPAN,Asia
264,,2019.0,7.0,1.0,12.0,12.0,6.8,,,POLAND:  KATOWICE,50.287,18.997,,3.1,,3.0,1.0,,,6.0,1.0,,,,,,,3.0,1.0,,,6.0,1.0,,,,,,,POLAND,Europe
265,,2019.0,7.0,4.0,17.0,33.0,49.0,,,CALIFORNIA:  RIDGECREST;  NEVADA,35.705,-117.506,11.0,6.4,,1.0,1.0,,,,1.0,,2.0,,,,1.0,1.0,1.0,,,,1.0,,2.0,,,,1.0,CALIFORNIA,Not found
266,,2019.0,7.0,6.0,3.0,19.0,52.0,,,CALIFORNIA:  RIDGECREST,35.766,-117.605,8.0,7.1,,,,,,,1.0,5300.0,4.0,101.0,3.0,287.0,3.0,,,,,,1.0,5300.0,4.0,101.0,3.0,287.0,3.0,CALIFORNIA,Not found
267,,2019.0,7.0,8.0,7.0,0.0,31.0,,,IRAN:  MASJED-E SOLEYMAN,31.775,49.542,10.0,5.7,,1.0,1.0,,,128.0,3.0,,1.0,,,,1.0,1.0,1.0,,,128.0,3.0,,1.0,,,,1.0,IRAN,Asia
268,,2019.0,7.0,9.0,12.0,37.0,1.0,,,"PHILIPPINES:  MINDANAO:  MAKILALA, TULUNAN",6.802,125.169,24.0,5.6,,1.0,1.0,,,3.0,1.0,,1.0,,,119.0,3.0,1.0,1.0,,,3.0,1.0,,1.0,,,119.0,3.0,PHILIPPINES,Asia
269,,2019.0,7.0,12.0,20.0,42.0,55.0,,,PHILIPPINES: MINDANAO: SURIGAO DEL SUR PROVINCE,9.334,126.04,14.0,5.8,,,,,,59.0,2.0,0.71,1.0,67.0,2.0,2085.0,4.0,,,,,59.0,2.0,0.71,1.0,67.0,2.0,2085.0,4.0,PHILIPPINES,Asia
270,,2019.0,7.0,14.0,9.0,10.0,50.0,,,INDONESIA:  MOLUCCA ISLANDS:  N,-0.529,128.093,10.0,7.3,,8.0,1.0,,,134.0,3.0,,2.0,1176.0,4.0,1158.0,4.0,8.0,1.0,,,134.0,3.0,,2.0,1176.0,4.0,1158.0,4.0,INDONESIA,Asia
271,,2019.0,7.0,19.0,11.0,13.0,16.0,,,GREECE:  ATHENS,38.115,23.505,10.0,5.3,,,,,,4.0,1.0,,1.0,,1.0,,1.0,,,,,4.0,1.0,,1.0,,1.0,,1.0,GREECE,Europe
272,,2019.0,7.0,24.0,19.0,33.0,15.0,,,INDIA:  MAHARASHTRA:  PALGHAR,20.0,72.9,10.0,3.8,,1.0,1.0,,,,1.0,,1.0,,,,1.0,1.0,1.0,,,,1.0,,1.0,,,,1.0,INDIA,Asia
273,,2019.0,7.0,26.0,23.0,37.0,58.0,,,PHILIPPINES:  BATANES:  ITBAYAT,20.807,121.986,10.0,6.0,,9.0,1.0,,,64.0,2.0,0.925,1.0,,,266.0,3.0,9.0,1.0,,,64.0,2.0,0.925,1.0,,,266.0,3.0,PHILIPPINES,Asia
274,,2019.0,8.0,2.0,12.0,3.0,27.0,,,INDONESIA:  JAVA:  BANTEN,-7.267,104.825,53.0,6.9,,6.0,1.0,,,3.0,1.0,,2.0,13.0,1.0,458.0,3.0,6.0,1.0,,,3.0,1.0,,2.0,13.0,1.0,458.0,3.0,INDONESIA,Asia
275,,2019.0,8.0,7.0,21.0,28.0,2.0,,,TAIWAN:  TAIPEI,24.475,121.947,10.0,5.9,,1.0,1.0,,,,,,,,,,,1.0,1.0,,,,,,,,,,,TAIWAN,Asia
276,,2019.0,8.0,8.0,11.0,25.0,31.0,,,TURKEY:  DENIZLI,37.948,29.697,10.0,5.8,,,,,,,1.0,,2.0,,,976.0,3.0,,,,,,1.0,,2.0,,,976.0,3.0,TURKEY,Asia
277,,2019.0,9.0,7.0,22.0,42.0,14.0,,,CHINA:  SICHUAN PROVINCE: NEIJIANG,29.573,105.064,10.0,5.1,,1.0,1.0,,,63.0,2.0,,2.0,132.0,3.0,5041.0,4.0,1.0,1.0,,,63.0,2.0,,2.0,132.0,3.0,5041.0,4.0,CHINA,Asia
278,,2019.0,9.0,21.0,14.0,4.0,24.0,,,ALBANIA:  DURRES,41.381,19.454,10.0,5.6,,,,,,132.0,3.0,45.0,4.0,,1.0,569.0,3.0,,,,,132.0,3.0,45.0,4.0,,1.0,569.0,3.0,ALBANIA,Europe
279,,2019.0,9.0,24.0,11.0,1.0,55.0,,,PAKISTAN:  MIRPUR DISTRICT,33.106,73.766,10.0,5.6,,39.0,1.0,,,746.0,3.0,17.0,3.0,1756.0,4.0,5709.0,4.0,39.0,1.0,,,746.0,3.0,17.0,3.0,1756.0,4.0,5709.0,4.0,PAKISTAN,Asia
280,,2019.0,9.0,25.0,23.0,46.0,44.0,,,INDONESIA:  MALUKU:  AMBON,-3.45,128.347,18.0,6.5,,31.0,1.0,,,179.0,3.0,,3.0,,1.0,2675.0,2.0,31.0,1.0,,,179.0,3.0,,3.0,,1.0,2675.0,4.0,INDONESIA,Asia
281,,2019.0,9.0,26.0,10.0,59.0,26.0,,,TURKEY:  ISTANBUL,40.89,28.173,10.0,5.7,,1.0,1.0,,,34.0,1.0,,2.0,,,473.0,3.0,1.0,1.0,,,34.0,1.0,,2.0,,,473.0,3.0,TURKEY,Asia
282,,2019.0,9.0,26.0,16.0,36.0,18.0,,,CHILE:  SOUTH CENTRAL,-40.815,-72.002,129.0,6.1,,1.0,1.0,,,,,,,,,,,1.0,1.0,,,,,,,,,,,CHILE,South America
283,,2019.0,9.0,29.0,15.0,57.0,53.0,,,CHILE:  CONCEPCION,-35.473,-73.162,11.0,6.8,,1.0,1.0,,,,,,,,,,,1.0,1.0,,,,,,,,,,,CHILE,South America
284,,2019.0,10.0,10.0,4.0,39.0,48.0,,,INDONESIA:  PASSO,-3.65,128.216,54.0,5.0,7.0,1.0,1.0,,,2.0,1.0,,2.0,,,,1.0,1.0,1.0,,,2.0,1.0,,2.0,,,,1.0,INDONESIA,Asia
285,,2019.0,10.0,16.0,11.0,37.0,6.0,,,"PHILIPPINES:  MINDANAO:  COTABATO, DAVAO",6.712,125.005,14.0,6.4,7.0,7.0,1.0,,,215.0,3.0,,3.0,506.0,3.0,2664.0,4.0,7.0,1.0,,,215.0,3.0,,3.0,506.0,3.0,2664.0,4.0,PHILIPPINES,Asia
286,,2019.0,10.0,29.0,1.0,4.0,44.0,,,"PHILIPPINES:  MINDANAO:  COTABATO, DAVAO",6.802,125.04,15.0,6.6,,12.0,1.0,,,417.0,3.0,,3.0,22363.0,4.0,12119.0,4.0,13.0,1.0,,1.0,562.0,3.0,,3.0,23303.0,4.0,15306.0,4.0,PHILIPPINES,Asia
287,,2019.0,10.0,31.0,1.0,11.0,19.0,,,"PHILIPPINES:  COTABATO, SULTAN KUDARAT",6.91,125.156,10.0,6.5,,9.0,1.0,,,,1.0,,2.0,,3.0,,3.0,10.0,1.0,,1.0,,1.0,,2.0,,3.0,,3.0,PHILIPPINES,Asia
288,,2019.0,11.0,7.0,22.0,47.0,5.0,,,IRAN: MIYANEH,37.808,47.558,10.0,,,5.0,1.0,,,584.0,3.0,,2.0,,1.0,,1.0,5.0,1.0,,,584.0,3.0,,2.0,,1.0,,1.0,IRAN,Asia
289,,2019.0,11.0,11.0,10.0,52.0,46.0,,,"FRANCE:  LE TEIL, SAINT-THOME, VIVIERS",44.612,4.638,10.0,4.8,7.0,,,,,4.0,1.0,59.4,4.0,,,900.0,3.0,,,,,4.0,1.0,59.4,4.0,,,900.0,3.0,FRANCE,Europe
290,,2019.0,11.0,12.0,10.0,10.0,44.0,,,INDONESIA:  MALUKU:  AMBON,-3.61,128.299,50.0,5.0,,2.0,1.0,,,3.0,1.0,,1.0,,1.0,,,2.0,1.0,,,3.0,1.0,,1.0,,1.0,,,INDONESIA,Asia
291,,2019.0,11.0,14.0,16.0,17.0,40.0,5733.0,,INDONESIA:  MOLUCCA ISLANDS:  N,1.6,126.416,33.0,7.1,,1.0,1.0,,,3.0,1.0,,1.0,,,36.0,1.0,1.0,1.0,,,3.0,1.0,,1.0,,,36.0,1.0,INDONESIA,Asia
292,,2019.0,11.0,18.0,13.0,22.0,9.0,,,PHILIPPINES:  MINDANAO:  BUKIDNON PROVINCE,7.625,124.912,,5.9,6.0,,,,,16.0,1.0,,2.0,61.0,2.0,379.0,3.0,,,,,16.0,1.0,,2.0,61.0,2.0,379.0,3.0,PHILIPPINES,Asia
293,,2019.0,11.0,25.0,1.0,18.0,21.0,,,CHINA:  GUANGXI PROVINCE,22.96,106.711,10.0,5.0,,1.0,1.0,,,4.0,1.0,,1.0,,,,1.0,1.0,1.0,,,4.0,1.0,,1.0,,,,1.0,CHINA,Asia
294,,2019.0,11.0,26.0,2.0,54.0,12.0,,,"ALBANIA:  DURRES, THUMANE, TIRANA",41.521,19.559,20.0,6.4,,51.0,2.0,,,2000.0,4.0,1081.0,4.0,11000.0,4.0,83000.0,4.0,51.0,2.0,,,2000.0,4.0,1081.0,4.0,11000.0,4.0,83000.0,4.0,ALBANIA,Europe
295,,2019.0,12.0,15.0,6.0,11.0,52.0,,,PHILIPPINES:  MINDANAO:  DAVAO,6.708,125.188,22.0,6.8,,13.0,1.0,1.0,1.0,210.0,3.0,,4.0,4546.0,4.0,21495.0,4.0,13.0,1.0,1.0,1.0,210.0,3.0,,4.0,4546.0,4.0,21495.0,4.0,PHILIPPINES,Asia
296,,2019.0,12.0,18.0,0.0,14.0,7.0,,,CHINA:  SICHUAN PROVINCE: NEIJIANG,29.639,104.946,10.0,5.2,,,,,,18.0,1.0,,2.0,,,780.0,3.0,,,,,18.0,1.0,,2.0,,,780.0,3.0,CHINA,Asia
297,,2020.0,1.0,7.0,8.0,24.0,26.0,5736.0,,"PUERTO RICO:  PONCE,SAN JUAN",17.916,-66.813,10.0,6.4,8.0,4.0,1.0,,,,1.0,800.0,4.0,300.0,3.0,1390.0,4.0,4.0,1.0,,,,1.0,800.0,4.0,300.0,3.0,1390.0,4.0,PUERTO RICO,North America
298,,2020.0,1.0,19.0,13.0,27.0,56.0,,,CHINA:  XINJIANG PROVINCE,39.831,77.106,6.0,6.0,,1.0,1.0,,,2.0,1.0,,3.0,,,,4.0,1.0,1.0,,,2.0,1.0,,3.0,,,,4.0,CHINA,Asia
299,,2020.0,1.0,24.0,17.0,55.0,14.0,,,TURKEY:  ELAZIG AND MALATYA PROVINCES,38.39,39.081,12.0,6.7,,41.0,1.0,,,1600.0,4.0,,4.0,76.0,2.0,,4.0,41.0,1.0,,,1600.0,4.0,,4.0,76.0,2.0,,4.0,TURKEY,Asia
300,,2020.0,1.0,28.0,19.0,10.0,25.0,5740.0,,CUBA: GRANMA;  CAYMAN IS;  JAMAICA,19.44,-78.755,10.0,7.7,,,,,,,,,2.0,1.0,1.0,,3.0,,,,,,,,2.0,1.0,1.0,,3.0,CUBA,North America
301,,2020.0,2.0,23.0,16.0,0.0,31.0,,,TURKEY: VAN;  IRAN,38.482,44.367,10.0,6.0,,10.0,1.0,,,60.0,2.0,,2.0,255.0,3.0,600.0,3.0,10.0,1.0,,,60.0,2.0,,2.0,255.0,3.0,600.0,3.0,TURKEY,Asia
302,,2020.0,3.0,10.0,10.0,18.0,6.0,,,"INDONESIA:  JAVA:  SUKABUMI, BOGOR",-6.808,106.676,23.0,5.0,8.0,,,,,4.0,1.0,,2.0,,,1137.0,4.0,,,,,4.0,1.0,,2.0,,,1137.0,4.0,INDONESIA,Asia
303,,2020.0,3.0,18.0,13.0,9.0,31.0,,,UTAH,40.751,-112.078,12.0,5.7,6.0,,,,,,,48.5,4.0,,,,3.0,,,,,,,48.5,4.0,,,,3.0,UTAH,Not found
304,,2020.0,3.0,22.0,5.0,24.0,3.0,,,BALKANS NW:  CROATIA:  ZAGREB,45.897,15.966,10.0,5.4,8.0,1.0,1.0,,,27.0,1.0,1800.0,4.0,6305.0,4.0,20000.0,4.0,1.0,1.0,,,27.0,1.0,1800.0,4.0,6305.0,4.0,20000.0,4.0,CROATIA,Europe
305,,2020.0,3.0,25.0,2.0,49.0,21.0,5746.0,,RUSSIA:  KURIL ISLANDS,48.986,157.693,57.0,7.5,6.0,,,,,,,,,,,,,,,,,,,,,,,,,RUSSIA,Europe
306,,2020.0,4.0,1.0,12.0,23.0,27.0,,,CHINA:  QINGHAI PROVINCE,33.124,98.916,10.0,5.3,,,,,,,,11.28,3.0,,,790.0,3.0,,,,,,,11.28,3.0,,,790.0,3.0,CHINA,Asia
307,,2020.0,5.0,2.0,12.0,51.0,6.0,5747.0,,GREECE:  CRETE,34.205,25.712,17.0,6.6,7.0,,,,,,,,,,,,,,,,,,,,,,,,,GREECE,Europe
308,,2020.0,5.0,7.0,20.0,18.0,22.0,,,"IRAN:  TEHRAN, DAMAVAND",35.725,52.044,10.0,4.6,,2.0,1.0,,,22.0,1.0,,,,,,,2.0,1.0,,,22.0,1.0,,,,,,,IRAN,Asia
309,,2020.0,5.0,18.0,13.0,48.0,3.0,,,CHINA:   YUNNAN PROVINCE:  QIAOJIA,27.296,103.281,10.0,5.2,,4.0,1.0,,,24.0,1.0,,2.0,,1.0,,,4.0,1.0,,,24.0,1.0,17.0,3.0,,1.0,,,CHINA,Asia
310,,2020.0,5.0,29.0,5.0,30.0,,5748.0,7504.0,INDONESIA:  JAVA:  IJEN,-8.058,114.242,,,,,,,,,,,,,,,,1.0,1.0,,,,,,,,,,,INDONESIA,Asia
311,,2020.0,6.0,4.0,8.0,49.0,39.0,,,INDONESIA: NORTH MALUKU: MOROTAI,2.923,128.248,107.0,6.4,4.0,,,,,,,,2.0,14.0,1.0,298.0,3.0,,,,,,,,2.0,14.0,1.0,298.0,3.0,INDONESIA,Asia
312,,2020.0,6.0,7.0,5.0,27.0,22.0,,,PERU:  COAST:  CHIMBOTE,-9.634,-78.591,57.0,4.5,,1.0,1.0,,,,,,,,,,,1.0,1.0,,,,,,,,,,,PERU,South America
313,,2020.0,6.0,14.0,14.0,24.0,29.0,,,TURKEY:  BINGOL,39.421,40.697,10.0,5.9,,1.0,1.0,,,35.0,1.0,,2.0,,,,1.0,1.0,1.0,,,35.0,1.0,,2.0,,,,1.0,TURKEY,Asia
314,,2020.0,6.0,18.0,12.0,49.0,53.0,5750.0,,"KERMADEC ISLANDS:  S OF, RAOUL",-33.294,-177.838,10.0,7.4,,,,,,,,,,,,,,,,,,,,,,,,,,KERMADEC ISLANDS,Not found
315,,2020.0,6.0,23.0,15.0,29.0,5.0,5751.0,,MEXICO: OAXACA,16.029,-95.901,26.0,7.4,,10.0,1.0,,,24.0,1.0,,4.0,,,8123.0,4.0,10.0,1.0,,,24.0,1.0,,4.0,,,8123.0,4.0,MEXICO,North America
316,,2020.0,6.0,25.0,10.0,3.0,31.0,,,TURKEY:  VAN,38.558,44.023,10.0,5.4,,,,,,5.0,1.0,,2.0,,,90.0,2.0,,,,,5.0,1.0,,2.0,,,90.0,2.0,TURKEY,Asia
317,,2020.0,7.0,17.0,2.0,50.0,23.0,,,"PAPUA NEW GUINEA:  MOROBE, ORO",-7.843,147.766,80.0,7.0,,1.0,1.0,,,1.0,1.0,,1.0,,,12.0,1.0,1.0,1.0,,,1.0,1.0,,1.0,,,12.0,1.0,PAPUA NEW GUINEA,Oceania
318,,2020.0,7.0,22.0,6.0,12.0,44.0,5753.0,,ALASKA,55.03,-158.522,28.0,7.8,8.0,,,,,,,,1.0,,,,,,,,,,,,1.0,,,,,ALASKA,North America
319,,2020.0,7.0,27.0,5.0,14.0,51.0,,,VIETNAM: SON LA PROVINCE,20.872,104.541,10.0,4.8,,,,,,,,,2.0,,,,3.0,,,,,,,,2.0,,,,3.0,VIETNAM,Asia
320,,2020.0,8.0,9.0,12.0,7.0,37.0,,,NORTH CAROLINA:  SPARTA,36.476,-81.094,8.0,5.1,,,,,,,,,2.0,60.0,2.0,465.0,3.0,,,,,,,,2.0,60.0,2.0,465.0,3.0,NORTH CAROLINA,Not found
321,,2020.0,8.0,18.0,0.0,3.0,48.0,,,PHILIPPINES:  MASBATE,12.021,124.123,10.0,6.6,7.0,2.0,1.0,,,50.0,1.0,0.57,1.0,138.0,3.0,1167.0,4.0,2.0,1.0,,,50.0,1.0,0.57,1.0,138.0,3.0,1167.0,4.0,PHILIPPINES,Asia
322,,2020.0,10.0,19.0,20.0,54.0,39.0,5755.0,,ALASKA,54.608,-159.655,33.0,7.6,8.0,,,,,,,,,,,,,,,,,,,,,,,,,ALASKA,North America
323,,2020.0,10.0,30.0,11.0,51.0,27.0,5757.0,,GREECE:  SAMOS; TURKEY:  IZMIR,37.918,26.79,21.0,7.0,8.0,117.0,3.0,,,1054.0,4.0,400.0,4.0,,2.0,,4.0,118.0,3.0,,,1054.0,4.0,400.0,4.0,,2.0,,4.0,GREECE,Europe
324,,2020.0,12.0,27.0,21.0,39.0,14.0,5760.0,,CHILE:  OFF COAST CENTRAL,-39.343,-74.99,10.0,6.7,5.0,,,,,,,,,,,,,,,,,,,,,,,,,CHILE,South America
325,,2020.0,12.0,29.0,11.0,19.0,54.0,,,BALKANS NW:  CROATIA:  PETRINJA,45.422,16.255,10.0,6.4,9.0,8.0,1.0,,,36.0,1.0,4187.0,4.0,1500.0,4.0,46000.0,4.0,8.0,1.0,,,36.0,1.0,4187.0,4.0,1500.0,4.0,46000.0,4.0,CROATIA,Europe
